,Parameter,Parameter,Parameter,Output,Output,Output,Output,Output,Output,Output,Output,Output,Output,Output,Output,Output,Output,Output,Output,Output,Output
0,0.00011,1.81818E-05,0.0000109,0.119891107,0.907143489,2.153083293,0.774533157,2.429379486,3.18642654,0.208918387,0.795053917,5.122439951,1.770769046,0.504775687,1.333639635,0.101854993,0.938003718,2.725759616,1.295697589,0.279631579,0.701874964
1,0.00011,1.81818E-05,0.0003739,0.119891107,0.907143489,2.153083293,0.774533157,2.429379486,3.18642654,0.199005466,0.853128945,4.624315469,1.601129974,0.424018972,1.242692612,0.08782421,0.871872993,1.635177622,0.577139663,0.197450912,1.251699209
2,0.00011,1.81818E-05,0.0007369,0.119891107,0.907143489,2.153083293,0.774533157,2.429379486,3.18642654,0.181575228,0.823652664,4.718852443,1.669762798,0.445063411,1.321638781,0.062005836,0.840824395,0.865383297,0.366881331,0.284583295,1.604796661
3,0.00011,1.81818E-05,0.0010999,0.119891107,0.907143489,2.153083293,0.774533157,2.429379486,3.18642654,0.181442615,0.823652664,4.688242741,1.654001705,0.513386823,1.347567983,0.115684562,0.902805236,2.097597899,1.001154644,0.538874919,2.092748763
4,0.00011,0.000118182,0.0000109,0.119891107,0.907143489,2.153083275,0.774533157,2.429379475,3.18642654,0.168892556,0.794083206,4.639807534,1.561320168,0.388823853,1.266011352,0.104143219,0.902805236,2.445505327,0.998568397,0.595214864,2.163659378
5,0.00011,0.000118182,0.0003739,0.119891107,0.907143489,2.153083275,0.774533157,2.429379475,3.18642654,0.209791027,0.853128945,3.276234517,1.219773629,1.199374442,1.956888486,0.101676798,0.870822561,2.855609774,1.201581156,0.250062162,1.430384942
6,0.00011,0.000118182,0.0007369,0.119891107,0.907143489,2.153083275,0.774533157,2.429379475,3.18642654,0.198939633,0.823652664,3.738196015,1.289910749,0.777069303,1.406019089,0.108061988,0.934655828,1.418508711,0.900366212,0.526676891,1.768228658
7,0.00011,0.000118182,0.0010999,0.119891107,0.907143489,2.153083275,0.774533157,2.429379475,3.18642654,0.199727326,0.823652664,3.469985429,1.262607302,1.365482691,1.750343687,0.115135535,1.004713313,1.722568761,1.113999756,0.832062889,2.253651598
8,0.00011,0.000218182,0.0000109,0.098297254,3.559794423,0.643418402,0.397452256,0.147496221,0.993107376,0.184568255,2.700801656,1.139853659,0.643540569,0.509565103,1.196337926,0.120296053,3.209730663,4.190901804,1.914597219,0.493329876,2.554834072
9,0.00011,0.000218182,0.0003739,0.119891107,0.907143489,2.15308348,0.774533157,2.429379599,3.18642654,0.175751695,0.853128945,3.714797975,1.649295119,0.615902144,1.840839389,0.110874044,0.870822561,3.483322652,1.452392757,0.261051784,1.433822983
10,0.00011,0.000218182,0.0007369,0.119891107,0.907143489,2.15308348,0.774533157,2.429379599,3.18642654,0.200077569,0.822651985,3.20534903,1.175314192,0.910112537,1.526524401,0.077622916,0.934655828,1.668906858,0.776680755,0.538065468,1.751896991
11,0.00011,0.000218182,0.0010999,0.119891107,0.907143489,2.15308348,0.774533157,2.429379599,3.18642654,0.208918387,0.821652349,3.077401281,1.150180897,1.043708499,1.663805902,0.077804125,0.901723405,2.394123501,0.764295489,0.446174476,1.566389713
12,0.00011,0.000318182,0.0000109,0.119891107,0.907143489,2.153083481,0.774533157,2.4293796,3.18642654,0.185371115,0.809540674,4.104101828,1.391513572,0.260803081,1.197488553,0.117368776,0.901723405,3.011681925,1.171575396,0.599210125,2.180537531
13,0.00011,0.000318182,0.0003739,0.119891107,0.907143489,2.153083481,0.774533157,2.4293796,3.18642654,0.177750379,0.794083206,2.933507963,1.114169793,0.735512558,1.414834559,0.061666031,0.869773204,2.014907366,0.807114966,0.25311652,1.448442404
14,0.00011,0.000318182,0.0007369,0.119891107,0.907143489,2.153083481,0.774533157,2.4293796,3.18642654,0.196710087,0.79311352,2.934355537,1.123228968,0.749389934,1.425839855,0.089148129,0.934655828,1.421393676,0.828552979,0.512774207,1.750582186
15,0.00011,0.000318182,0.0010999,0.119891107,0.907143489,2.153083481,0.774533157,2.4293796,3.18642654,0.207560569,0.792144857,2.875007388,1.114169793,0.859929169,1.466414752,0.100731859,0.901723405,1.907161078,0.776576669,0.41794667,1.562371242
16,0.00011,0.000418182,0.0000109,0.120269433,0.911499252,2.155883616,0.774531968,2.451029742,3.187260765,0.196723844,0.837569053,3.115315674,1.145094232,0.568852972,1.427341366,0.059448142,0.840824395,1.378993202,0.602202961,0.290951095,1.613222922
17,0.00011,0.000418182,0.0003739,0.120269433,0.911499252,2.155883616,0.774531968,2.451029742,3.187260765,0.218538454,0.80855474,2.639267573,1.081122407,0.623471134,1.45276807,0.084189041,0.934655828,1.37223701,0.84420893,0.484596371,1.766265524
18,0.00011,0.000418182,0.0007369,0.120269433,0.911499252,2.155883616,0.774531968,2.451029742,3.187260765,0.21858575,0.80855474,2.543122562,1.071935201,0.831578378,1.502602116,0.071642294,0.936886644,1.363050125,0.941446389,0.498674546,1.789918083
19,0.00011,0.000418182,0.0010999,0.120269433,0.911499252,2.155883616,0.774531968,2.451029742,3.187260765,0.208454245,0.80855474,2.581175522,1.071935201,0.916483099,1.531707079,0.107280579,0.935770681,1.388673795,0.932540645,0.512501216,1.803199654
20,0.00011,0.000518182,0.0000109,0.119876793,0.790017557,2.068415047,0.774574315,1.741686905,3.089850006,0.207489712,0.839602487,2.225849909,0.88658033,0.338052454,1.119238742,0.110906236,0.870822561,3.660171847,1.354463304,0.362574271,1.481039172
21,0.00011,0.000518182,0.0003739,0.119876793,0.790017557,2.068415047,0.774574315,1.741686905,3.089850006,0.218056885,0.810527641,2.010557563,0.859425332,0.426607039,1.164340543,0.117479349,0.934655828,1.994067752,0.753883242,0.521401544,1.832038225
22,0.00011,0.000518182,0.0007369,0.119876793,0.790017557,2.068415047,0.774574315,1.741686905,3.089850006,0.207661202,0.811515643,1.934655535,0.844507096,0.510173649,1.227111364,0.118408888,0.934655828,1.860532105,0.774666772,0.518644683,1.848977698
23,0.00011,0.000518182,0.0010999,0.119876793,0.790017557,2.068415047,0.774574315,1.741686905,3.089850006,0.207830264,0.811515643,1.994023699,0.845699225,0.569550381,1.255627145,0.11712768,0.902805236,2.262564238,0.926977343,0.38659672,1.661716108
24,0.00011,0.000618182,0.0000109,0.119876793,0.790017557,2.068415047,0.774574315,1.741686905,3.089850006,0.21776047,0.839602487,1.797449337,0.751289763,0.222991377,0.90443174,0.096731917,0.871872993,2.938011751,1.118402949,0.32012708,1.431573994
25,0.00011,0.000618182,0.0003739,0.119876793,0.790017557,2.068415047,0.774574315,1.741686905,3.089850006,0.217834958,0.811515643,1.663854968,0.721072473,0.339773079,1.019891788,0.109275763,0.935770681,1.637115856,0.76152234,0.476174679,1.81793414
26,0.00011,0.000618182,0.0007369,0.119876793,0.790017557,2.068415047,0.774574315,1.741686905,3.089850006,0.217988483,0.811515643,1.757268714,0.720299858,0.439410496,1.092215236,0.10940875,0.934655828,1.670966334,0.779410732,0.483571387,1.837632596
27,0.00011,0.000618182,0.0010999,0.119876793,0.790017557,2.068415047,0.774574315,1.741686905,3.089850006,0.207837309,0.811515643,1.855402335,0.719157187,0.456853938,1.110850971,0.11055552,0.968586555,1.519748732,0.768296995,0.642522338,2.045893725
28,0.00011,0.000718182,0.0000109,0.119876793,0.790017557,2.068415047,0.774574315,1.741686905,3.089850006,0.218118489,0.811515643,1.777410314,0.830681905,0.28870792,1.121297564,0.10950522,0.935770681,1.695170785,0.748457557,0.456733369,1.824160295
29,0.00011,0.000718182,0.0003739,0.119876793,0.790017557,2.068415047,0.774574315,1.741686905,3.089850006,0.218725038,0.810527641,2.862785727,1.70899587,0.446005375,1.166816478,0.093505798,0.969734953,1.313205116,0.888237369,0.584088891,2.063534099
30,0.00011,0.000718182,0.0007369,0.119876793,0.790017557,2.068415047,0.774574315,1.741686905,3.089850006,0.21873667,0.811515643,2.858735625,1.597847936,0.429951591,1.175915607,0.101969415,1.003530875,1.408450684,0.92406135,0.810288574,2.336988649
31,0.00011,0.000718182,0.0010999,0.119876793,0.790017557,2.068415047,0.774574315,1.741686905,3.089850006,0.218835911,0.811515643,3.058958441,1.723210434,0.445184522,1.182234687,0.094885008,1.003530875,1.403204186,0.92187901,0.813928995,2.340049681
32,0.00011,0.000818182,0.0000109,0.119876793,0.790017557,2.068415047,0.774574315,1.741686905,3.089850006,0.218868434,0.869563641,2.293500939,0.981468127,0.239191156,0.916473832,0.115828186,0.935770681,1.483543995,0.872605342,0.497150892,1.873659885
33,0.00011,0.000818182,0.0003739,0.119876793,0.790017557,2.068415047,0.774574315,1.741686905,3.089850006,0.218927697,0.869563641,2.414061432,1.002168054,0.245983415,0.942131672,0.115607668,0.934655828,1.466604841,0.861875814,0.49297693,1.859279934
34,0.00011,0.000818182,0.0007369,0.119876793,0.790017557,2.068415047,0.774574315,1.741686905,3.089850006,0.218927688,0.869563641,2.414084091,1.002168054,0.24597905,0.942129738,0.115611818,0.934655828,1.467124425,0.861605916,0.493147379,1.859318482
35,0.00011,0.000818182,0.0010999,0.119876793,0.790017557,2.068415047,0.774574315,1.741686905,3.089850006,0.218927688,0.869563641,2.414084091,1.002168054,0.24597905,0.942129738,0.115611818,0.934655828,1.467124425,0.861605916,0.493147379,1.859318482
36,0.00011,0.000918182,0.0000109,0.119876793,0.790017557,2.068415047,0.774574315,1.741686905,3.089850006,0.208918387,0.840620783,5.633891949,2.86000645,0.444121372,1.222098604,0.069257983,0.938003718,0.979491215,0.40728644,0.178342739,1.062266713
37,0.00011,0.000918182,0.0003739,0.119876793,0.790017557,2.068415047,0.774574315,1.741686905,3.089850006,0.208918387,0.840620783,5.733613232,2.904462996,0.446773936,1.225009466,0.076873953,0.936886644,0.960552465,0.408424914,0.179503655,1.065328066
38,0.00011,0.000918182,0.0007369,0.119876793,0.790017557,2.068415047,0.774574315,1.741686905,3.089850006,0.208918387,0.840620783,5.733613232,2.904462996,0.446773936,1.225009466,0.076873953,0.936886644,0.960552465,0.408424914,0.179503655,1.065328066
39,0.00011,0.000918182,0.0010999,0.119876793,0.790017557,2.068415047,0.774574315,1.741686905,3.089850006,0.208918387,0.840620783,5.733613232,2.904462996,0.446773936,1.225009466,0.076873953,0.936886644,0.960552465,0.408424914,0.179503655,1.065328066
40,0.00132,1.81818E-05,0.0000109,0.11990584,1.170740259,1.81829911,0.745481432,1.953554015,3.007475231,0.198999764,0.80855474,4.736316538,1.656946496,0.348708536,1.187783101,0.094496387,0.840824395,1.724497564,0.65037072,0.264167509,1.521679823
41,0.00132,1.81818E-05,0.0003739,0.11990584,1.170740259,1.81829911,0.745481432,1.953554015,3.007475231,0.181549382,0.852097738,3.761644725,1.447389335,0.839360687,1.750831336,0.129366235,0.871872993,6.86828319,2.485417843,0.649067986,2.149989747
42,0.00132,1.81818E-05,0.0007369,0.11990584,1.170740259,1.81829911,0.745481432,1.953554015,3.007475231,0.172129701,0.821652349,3.849544362,1.326423687,0.889951428,1.344344063,0.085891243,0.870822561,2.97794779,1.101504881,0.335273857,1.477942765
43,0.00132,1.81818E-05,0.0010999,0.11990584,1.170740259,1.81829911,0.745481432,1.953554015,3.007475231,0.200185233,0.794083206,3.580774122,1.285229647,1.116355634,1.632053683,0.095844272,0.870822561,3.047966362,1.104525943,0.343410342,1.464943702
44,0.00132,0.000118182,0.0000109,0.11990584,1.170740259,1.81829911,0.745481432,1.953554015,3.007475231,0.222550897,0.792144857,4.215590575,1.445744292,0.196556983,1.033026058,0.087333236,0.871872993,2.149886428,0.89560826,0.359361982,1.75861218
45,0.00132,0.000118182,0.0003739,0.11990584,1.170740259,1.81829911,0.745481432,1.953554015,3.007475231,0.199111074,0.822651985,2.858638265,1.111780311,0.686743399,1.344047251,0.125455229,0.839805888,7.94947726,2.940475515,0.341256049,1.540787845
46,0.00132,0.000118182,0.0007369,0.11990584,1.170740259,1.81829911,0.745481432,1.953554015,3.007475231,0.19913379,0.820653756,3.158573399,1.15675637,0.869862517,1.348275177,0.102277821,0.872924498,2.476298557,0.921955829,0.291300156,1.399432759
47,0.00132,0.000118182,0.0010999,0.11990584,1.170740259,1.81829911,0.745481432,1.953554015,3.007475231,0.200262198,0.820653756,3.136454308,1.16175371,1.047736902,1.646346964,0.109856384,0.901723405,2.303424566,0.760075872,0.414739652,1.609387031
48,0.00132,0.000218182,0.0000109,0.11990584,1.170740259,1.81829911,0.745481432,1.953554015,3.007475231,0.222185028,0.792144857,3.655345077,1.268235926,0.210606704,1.049896601,0.092662676,0.839805888,2.155821692,0.766123335,0.235579153,1.419842685
49,0.00132,0.000218182,0.0003739,0.11990584,1.170740259,1.81829911,0.745481432,1.953554015,3.007475231,0.208918387,0.821652349,2.552290884,1.077058613,0.72141522,1.36936088,0.096855108,0.837772033,5.702628907,1.73965108,0.506567989,1.568745048
50,0.00132,0.000218182,0.0007369,0.11990584,1.170740259,1.81829911,0.745481432,1.953554015,3.007475231,0.208918387,0.853128945,6.066365323,4.757546538,1.722260734,2.562526529,0.094538433,0.809737816,0.573209693,0.297725458,0.042429774,0.685364335
51,0.00132,0.000218182,0.0010999,0.11990584,1.170740259,1.81829911,0.745481432,1.953554015,3.007475231,0.208918387,0.851067592,6.950267111,4.684805135,1.625508221,2.552314739,0.107412428,0.967439284,1.677586565,0.82097674,0.662037792,1.584734291
52,0.00132,0.000318182,0.0000109,0.11990584,1.170740259,1.81829911,0.745481432,1.953554015,3.007475231,0.208918387,0.79311352,2.553726898,1.15159316,0.26076832,1.097028683,0.10303848,0.870822561,3.410789689,1.301934751,0.286261219,1.388934605
53,0.00132,0.000318182,0.0003739,0.11990584,1.170740259,1.81829911,0.745481432,1.953554015,3.007475231,0.208918387,0.821652349,2.440714624,1.046982747,0.558309214,1.35625022,0.120904428,0.81072499,5.755051279,2.008316419,0.279711496,0.918418245
54,0.00132,0.000318182,0.0007369,0.11990584,1.170740259,1.81829911,0.745481432,1.953554015,3.007475231,0.208918387,0.821652349,3.291641228,1.668449439,0.627347676,1.316714821,0.10023438,1.004713313,1.727258214,0.800552312,0.820000658,1.862197652
55,0.00132,0.000318182,0.0010999,0.11990584,1.170740259,1.81829911,0.745481432,1.953554015,3.007475231,0.208918387,0.851067592,4.088073304,2.547903757,1.113096192,2.246393542,0.098574941,0.935770681,1.173026052,0.58263045,0.31023195,1.265715561
56,0.00132,0.000418182,0.0000109,0.11990584,1.170740259,1.81829911,0.745481432,1.953554015,3.007475231,0.236303949,0.810527641,2.679090806,1.138827009,0.683435586,1.510822999,0.07137376,0.871872993,1.054789866,0.495946714,0.253069146,1.415097064
57,0.00132,0.000418182,0.0003739,0.11990584,1.170740259,1.81829911,0.745481432,1.953554015,3.007475231,0.218889537,0.809540674,3.31308684,1.424656484,0.754236194,1.544215959,0.112616447,0.81072499,3.63678073,1.38290538,0.589298239,1.40650292
58,0.00132,0.000418182,0.0007369,0.11990584,1.170740259,1.81829911,0.745481432,1.953554015,3.007475231,0.208918387,0.80855474,3.987272131,2.018145902,0.81485383,1.564872817,0.109495412,1.004713313,1.87865042,0.877549803,0.87969819,1.868110819
59,0.00132,0.000418182,0.0010999,0.11990584,1.170740259,1.81829911,0.745481432,1.953554015,3.007475231,0.208918387,0.80855474,5.113164749,2.904105081,0.928965265,1.599455541,0.096822052,0.934655828,1.17508863,0.565846621,0.309922296,1.263673743
60,0.00132,0.000518182,0.0000109,0.11990584,1.170740259,1.81829911,0.745481432,1.953554015,3.007475231,0.236519485,0.810527641,2.862213526,1.452462785,0.75281484,1.485485041,0.108082076,0.935770681,1.500658469,0.814516912,0.469085526,1.86348496
61,0.00132,0.000518182,0.0003739,0.11990584,1.170740259,1.81829911,0.745481432,1.953554015,3.007475231,0.208918387,0.809540674,3.602974789,1.70274477,0.76124019,1.512556793,0.11767807,0.81072499,3.526917958,1.28833797,0.485391459,1.271446068
62,0.00132,0.000518182,0.0007369,0.11990584,1.170740259,1.81829911,0.745481432,1.953554015,3.007475231,0.208918387,0.809540674,4.339280583,2.28019783,0.81402826,1.537507253,0.124699119,1.039503189,2.031107691,0.942447594,1.304556405,2.140790266
63,0.00132,0.000518182,0.0010999,0.11990584,1.170740259,1.81829911,0.745481432,1.953554015,3.007475231,0.208918387,0.80855474,5.304906588,2.976505919,0.898641644,1.576416045,0.100535817,1.002349579,1.807695366,0.851627003,0.946101465,1.862631455
64,0.00132,0.000618182,0.0000109,0.11990584,1.170740259,1.81829911,0.745481432,1.953554015,3.007475231,0.209026398,0.839602487,2.63343967,1.004589718,0.231503773,1.077928723,0.113900919,0.934655828,1.535934959,0.862920808,0.568911104,1.805490283
65,0.00132,0.000618182,0.0003739,0.11990584,1.170740259,1.81829911,0.745481432,1.953554015,3.007475231,0.209026393,0.839602487,2.63355348,1.004589718,0.231473246,1.077863218,0.091427483,0.902805236,1.552478095,0.853797348,0.396927084,1.623057356
66,0.00132,0.000618182,0.0007369,0.11990584,1.170740259,1.81829911,0.745481432,1.953554015,3.007475231,0.209026393,0.839602487,2.63355348,1.004589718,0.231473246,1.077863218,0.091427483,0.902805236,1.552478095,0.853797348,0.396927084,1.623057356
67,0.00132,0.000618182,0.0010999,0.11990584,1.170740259,1.81829911,0.745481432,1.953554015,3.007475231,0.209026393,0.839602487,2.63355348,1.004589718,0.231473246,1.077863218,0.091427483,0.902805236,1.552478095,0.853797348,0.396927084,1.623057356
68,0.00132,0.000718182,0.0000109,0.11990584,1.170740259,1.81829911,0.745481432,1.953554015,3.007475231,0.195719938,0.839602487,3.005217789,1.080410588,0.210424356,1.155927548,0.080051131,0.901723405,1.697208318,0.88578075,0.452708219,1.633577685
69,0.00132,0.000718182,0.0003739,0.11990584,1.170740259,1.81829911,0.745481432,1.953554015,3.007475231,0.195719938,0.839602487,3.005186163,1.080410588,0.210434106,1.155930207,0.088924495,0.901723405,1.712493559,0.880695281,0.454923148,1.631193727
70,0.00132,0.000718182,0.0007369,0.11990584,1.170740259,1.81829911,0.745481432,1.953554015,3.007475231,0.195719938,0.839602487,3.005186163,1.080410588,0.210434106,1.155930207,0.088924495,0.901723405,1.712493559,0.880695281,0.454923148,1.631193727
71,0.00132,0.000718182,0.0010999,0.11990584,1.170740259,1.81829911,0.745481432,1.953554015,3.007475231,0.195719938,0.839602487,3.005186163,1.080410588,0.210434106,1.155930207,0.088924495,0.901723405,1.712493559,0.880695281,0.454923148,1.631193727
72,0.00132,0.000818182,0.0000109,0.11990584,1.170740259,1.81829911,0.745481432,1.953554015,3.007475231,0.208011503,0.839602487,2.926110606,1.032315736,0.152937497,0.94444658,0.092365601,0.933542084,1.450639253,1.018013609,0.548312069,1.763186906
73,0.00132,0.000818182,0.0003739,0.11990584,1.170740259,1.81829911,0.745481432,1.953554015,3.007475231,0.20801155,0.839602487,2.926072408,1.03228269,0.15293232,0.944444971,0.10824739,0.933542084,1.445560326,0.998217747,0.559318804,1.770812687
74,0.00132,0.000818182,0.0007369,0.11990584,1.170740259,1.81829911,0.745481432,1.953554015,3.007475231,0.20801155,0.839602487,2.926072408,1.03228269,0.15293232,0.944444971,0.10824739,0.933542084,1.445560326,0.998217747,0.559318804,1.770812687
75,0.00132,0.000818182,0.0010999,0.11990584,1.170740259,1.81829911,0.745481432,1.953554015,3.007475231,0.20801155,0.839602487,2.926072408,1.03228269,0.15293232,0.944444971,0.10824739,0.933542084,1.445560326,0.998217747,0.559318804,1.770812687
76,0.00132,0.000918182,0.0000109,0.11990584,1.170740259,1.81829911,0.745481432,1.953554015,3.007475231,0.194169558,0.810527641,3.332465432,1.16686915,0.125486876,0.804773127,0.093204596,0.934655828,1.634434689,0.787366258,0.522693722,1.857327341
77,0.00132,0.000918182,0.0003739,0.11990584,1.170740259,1.81829911,0.745481432,1.953554015,3.007475231,0.194174713,0.810527641,3.320118841,1.16686915,0.125027542,0.798916507,0.080238022,0.90388816,1.607079794,0.761872539,0.373232723,1.613496355
78,0.00132,0.000918182,0.0007369,0.11990584,1.170740259,1.81829911,0.745481432,1.953554015,3.007475231,0.194174713,0.810527641,3.320118841,1.16686915,0.125027542,0.798916507,0.080238022,0.90388816,1.607079794,0.761872539,0.373232723,1.613496355
79,0.00132,0.000918182,0.0010999,0.11990584,1.170740259,1.81829911,0.745481432,1.953554015,3.007475231,0.194174713,0.810527641,3.320118841,1.16686915,0.125027542,0.798916507,0.080238022,0.90388816,1.607079794,0.761872539,0.373232723,1.613496355
80,0.00253,1.81818E-05,0.0000109,0.119774221,1.169403264,1.781357364,0.730810623,1.753807166,2.419695098,0.208918387,0.820454333,6.747081371,2.711540523,0.765654528,1.966609436,0.10900587,0.81072499,1.677446383,0.977515292,0.524856217,1.114286405
81,0.00253,1.81818E-05,0.0003739,0.119774221,1.169403264,1.781357364,0.730810623,1.753807166,2.419695098,0.236923147,1.094149914,4.715632104,1.943296091,0.584494032,1.760928385,0.084281316,0.839805888,0.796498699,0.497946308,0.07856218,0.865433463
82,0.00253,1.81818E-05,0.0007369,0.119774221,1.169403264,1.781357364,0.730810623,1.753807166,2.419695098,0.208918387,0.950364984,4.07996673,2.045398221,1.089244349,2.156613956,0.112738529,3.537007695,2.892918541,1.229395712,3.177501285,3.197511719
83,0.00253,1.81818E-05,0.0010999,0.119774221,1.169403264,1.781357364,0.730810623,1.753807166,2.419695098,0.208918387,0.885626561,6.573901798,4.541931044,0.973179315,1.909913232,0.112412991,3.897424898,2.979215626,1.295192187,3.297905046,3.207218551
84,0.00253,0.000118182,0.0000109,0.119774221,1.169403264,1.781357364,0.730810623,1.753807166,2.419695098,0.209137839,0.792144857,4.721781227,1.759550288,0.181178657,0.905896109,0.10935857,0.902805236,2.580495413,0.958633532,0.385561025,1.545773964
85,0.00253,0.000118182,0.0003739,0.119774221,1.169403264,1.781357364,0.730810623,1.753807166,2.419695098,0.210939229,0.853128945,2.645989837,1.115662362,0.935586061,1.59253198,0.067467176,0.839805888,1.092360474,0.375146545,0.097569507,0.826323167
86,0.00253,0.000118182,0.0007369,0.119774221,1.169403264,1.781357364,0.730810623,1.753807166,2.419695098,0.208918387,0.822651985,6.599329237,4.595967794,1.324233395,1.687684518,0.067495889,0.901723405,0.83759334,0.554680399,0.330103555,1.192958674
87,0.00253,0.000118182,0.0010999,0.119774221,1.169403264,1.781357364,0.730810623,1.753807166,2.419695098,0.208918387,0.794083206,7.544595711,4.733115256,1.145789825,1.800077938,0.106060532,0.935770681,1.672677221,0.710898155,0.183393824,0.616752767
88,0.00253,0.000218182,0.0000109,0.119774221,1.169403264,1.781357364,0.730810623,1.753807166,2.419695098,0.208918387,0.79311352,2.798963175,1.180908049,0.359693378,1.238426806,0.097487655,0.870822561,3.743159258,1.460364376,0.280777292,1.39413772
89,0.00253,0.000218182,0.0003739,0.119774221,1.169403264,1.781357364,0.730810623,1.753807166,2.419695098,0.208918387,0.822651985,4.023052198,2.842668358,0.900781549,1.441596948,0.086863251,0.869773204,0.871661644,0.420593371,0.207497726,0.965134466
90,0.00253,0.000218182,0.0007369,0.119774221,1.169403264,1.781357364,0.730810623,1.753807166,2.419695098,0.208918387,0.821652349,6.652942853,4.610460973,1.191996665,1.574810822,0.075317393,0.901723405,0.931342809,0.605894674,0.334046378,1.215884372
91,0.00253,0.000218182,0.0010999,0.119774221,1.169403264,1.781357364,0.730810623,1.753807166,2.419695098,0.208918387,0.79311352,7.477599016,4.797448456,0.980710456,1.555216823,0.099826011,0.938003718,1.991881255,0.833247751,0.149730104,0.633737786
92,0.00253,0.000318182,0.0000109,0.119774221,1.169403264,1.781357364,0.730810623,1.753807166,2.419695098,0.208918387,0.791177214,4.763641669,2.639510152,0.661876023,1.349736219,0.084271378,0.870822561,1.378960211,0.820615635,0.306846494,1.54576612
93,0.00253,0.000318182,0.0003739,0.119774221,1.169403264,1.781357364,0.730810623,1.753807166,2.419695098,0.208918387,0.792144857,7.13914872,4.560887961,0.801597876,1.320817858,0.10585403,0.901723405,0.823765568,0.54405452,0.311764431,1.179389079
94,0.00253,0.000318182,0.0007369,0.119774221,1.169403264,1.781357364,0.730810623,1.753807166,2.419695098,0.208918387,0.809540674,7.599154604,4.641935808,0.709573667,1.350251519,0.069267317,0.902805236,1.037761538,0.645549237,0.336537045,1.237027854
95,0.00253,0.000318182,0.0010999,0.119774221,1.169403264,1.781357364,0.730810623,1.753807166,2.419695098,0.208918387,0.809540674,7.783529868,4.786643225,0.730126177,1.35705524,0.059536701,0.902805236,1.044443957,0.634226885,0.288469042,1.22549955
96,0.00253,0.000418182,0.0000109,0.119774221,1.169403264,1.781357364,0.730810623,1.753807166,2.419695098,0.208918387,0.967210159,10.65193282,5.73689745,1.552718622,1.989958313,0.061681792,0.901723405,0.628808473,0.436257297,0.217948741,1.118208759
97,0.00253,0.000418182,0.0003739,0.119774221,1.169403264,1.781357364,0.730810623,1.753807166,2.419695098,0.208918387,0.968357206,10.5257721,5.790386994,1.566321536,1.99236026,0.091867178,0.871872993,1.381237541,0.594337717,0.012427564,0.336397647
98,0.00253,0.000418182,0.0007369,0.119774221,1.169403264,1.781357364,0.730810623,1.753807166,2.419695098,0.210020447,2.705234994,3.840771298,1.518400848,0.373435915,1.54331374,0.125455229,3.03610616,4.23540334,1.930231281,1.622594801,2.17588004
99,0.00253,0.000418182,0.0010999,0.119774221,1.169403264,1.781357364,0.730810623,1.753807166,2.419695098,0.209726232,2.839197005,4.321481297,1.68142864,0.170273371,0.996882066,0.125455229,2.323172337,4.235181228,1.930154194,0.915152645,1.608649288
100,0.00253,0.000518182,0.0000109,0.119774221,1.169403264,1.781357364,0.730810623,1.753807166,2.419695098,0.182768553,2.634578405,2.356278935,0.982219456,0.462129952,1.297936845,0.125455229,5.942962603,4.235105152,1.930126176,0.644982687,1.595147296
101,0.00253,0.000518182,0.0003739,0.119774221,1.169403264,1.781357364,0.730810623,1.753807166,2.419695098,0.208918387,0.968357206,10.94046241,4.769757025,1.11875433,1.882939022,0.087748,0.871872993,1.093880043,0.515019871,0.039441266,0.336972167
102,0.00253,0.000518182,0.0007369,0.119774221,1.169403264,1.781357364,0.730810623,1.753807166,2.419695098,0.209971698,2.705234994,3.784455169,1.505259445,0.338930757,1.54331374,0.125455229,2.652185851,4.23883727,1.929015117,1.43063331,2.827210022
103,0.00253,0.000518182,0.0010999,0.119774221,1.169403264,1.781357364,0.730810623,1.753807166,2.419695098,0.208918387,0.968357206,10.98800807,4.775369907,1.121700839,1.882236754,0.105923842,0.935770681,1.980704693,0.850464607,0.200405032,0.682156288
104,0.00253,0.000618182,0.0000109,0.119774221,1.169403264,1.781357364,0.730810623,1.753807166,2.419695098,0.196533123,2.700801656,2.659172078,1.057884037,0.299375652,0.931238638,0.125455229,5.025461932,4.235112725,1.930180439,1.445781465,2.459735774
105,0.00253,0.000618182,0.0003739,0.119774221,1.169403264,1.781357364,0.730810623,1.753807166,2.419695098,0.208918387,0.968357206,11.79915605,4.89874989,0.9090497,1.879122324,0.087042215,0.90388816,1.69688097,0.755953388,0.101905096,0.455258608
106,0.00253,0.000618182,0.0007369,0.119774221,1.169403264,1.781357364,0.730810623,1.753807166,2.419695098,0.208918387,0.968357206,11.90291561,4.92899989,0.911897459,1.879122324,0.082333155,0.90388816,1.77944876,0.79553615,0.10679938,0.460036288
107,0.00253,0.000618182,0.0010999,0.119774221,1.169403264,1.781357364,0.730810623,1.753807166,2.419695098,0.208918387,0.968357206,11.93741677,4.942116232,0.913296443,1.879122324,0.081633632,0.90388816,1.614783861,0.706705383,0.081484227,0.394975981
108,0.00253,0.000718182,0.0000109,0.119774221,1.169403264,1.781357364,0.730810623,1.753807166,2.419695098,0.209848296,2.700801656,3.26225659,1.304559686,0.307007961,0.96785978,0.125455229,4.592063771,4.23551825,1.93033994,1.818190499,2.248561668
109,0.00253,0.000718182,0.0003739,0.119774221,1.169403264,1.781357364,0.730810623,1.753807166,2.419695098,0.199428758,2.705234994,3.931622221,1.570457068,0.328387488,1.54331374,0.125455229,2.643377262,4.242878963,1.931839048,0.526438613,1.760064407
110,0.00253,0.000718182,0.0007369,0.119774221,1.169403264,1.781357364,0.730810623,1.753807166,2.419695098,0.210092942,2.707452496,4.204859232,1.670498651,0.362822149,1.54331374,0.125455229,2.981535662,4.242760062,1.92779786,1.786903109,2.679599671
111,0.00253,0.000718182,0.0010999,0.119774221,1.169403264,1.781357364,0.730810623,1.753807166,2.419695098,0.208918387,0.968357206,11.87981104,4.924769769,0.821120735,1.873469469,0.105792724,0.936886644,2.155329585,0.916069966,0.171723681,0.655100783
112,0.00253,0.000818182,0.0000109,0.119774221,1.169403264,1.781357364,0.730810623,1.753807166,2.419695098,0.208918387,0.96950538,12.36438121,5.132773237,0.800572144,1.86864972,0.095743854,0.90388816,1.584044831,0.669390215,0.054963027,0.332551069
113,0.00253,0.000818182,0.0003739,0.119774221,1.169403264,1.781357364,0.730810623,1.753807166,2.419695098,0.22105898,2.909052662,4.731246688,1.893675066,0.135798798,1.307022915,0.125455229,3.785941007,4.250449887,1.925670442,2.25777867,2.933930688
114,0.00253,0.000818182,0.0007369,0.119774221,1.169403264,1.781357364,0.730810623,1.753807166,2.419695098,0.208918387,0.96950538,12.36926752,5.132773237,0.800800879,1.86864972,0.112242214,2.879711295,3.120932862,1.372853075,2.608976327,2.940651593
115,0.00253,0.000818182,0.0010999,0.119774221,1.169403264,1.781357364,0.730810623,1.753807166,2.419695098,0.209707443,2.839197005,4.544123905,1.780349054,0.156306725,0.994039473,0.1295994,3.344913697,4.243075079,1.933302546,2.677419149,2.846025353
116,0.00253,0.000918182,0.0000109,0.119774221,1.169403264,1.781357364,0.730810623,1.753807166,2.419695098,0.188699478,2.705234994,3.578362567,1.412717348,0.357880527,1.54331374,0.125455229,1.863957282,4.235729846,1.930345787,0.410143654,2.298091511
117,0.00253,0.000918182,0.0003739,0.119774221,1.169403264,1.781357364,0.730810623,1.753807166,2.419695098,0.220198457,2.771992759,4.474190172,1.766097978,0.243082313,1.430393422,0.125455229,6.303379817,4.347636338,1.958682638,0.723138347,1.693957717
118,0.00253,0.000918182,0.0007369,0.119774221,1.169403264,1.781357364,0.730810623,1.753807166,2.419695098,0.208918387,1.002113659,12.43093447,4.993431872,0.748387528,1.900565208,0.105906202,0.936886644,2.159009863,0.934391545,0.216230805,0.698000273
119,0.00253,0.000918182,0.0010999,0.119774221,1.169403264,1.781357364,0.730810623,1.753807166,2.419695098,0.208918387,1.002113659,12.41725396,4.993431872,0.747787328,1.900565208,0.074711772,0.904972176,1.811872981,0.768297536,0.056499372,0.374887921
120,0.00374,1.81818E-05,0.0000109,0.119758444,1.170740259,1.773375721,0.72773618,1.763684093,2.388698557,0.208918387,0.822651985,5.586736775,1.999144371,0.385812093,1.243596454,0.108792373,0.840824395,2.31470587,0.891938464,0.309775792,1.71329308
121,0.00374,1.81818E-05,0.0003739,0.119758444,1.170740259,1.773375721,0.72773618,1.763684093,2.388698557,0.200066053,0.823652664,5.138506394,1.919126888,0.571606999,1.258535799,0.102650635,0.870822561,2.891397981,1.295094231,0.229076675,1.355449429
122,0.00374,1.81818E-05,0.0007369,0.119758444,1.170740259,1.773375721,0.72773618,1.763684093,2.388698557,0.210170553,0.884562118,4.691970087,1.705532018,0.856900337,1.706410688,0.086000386,0.871872993,1.95194143,0.702923047,0.321330379,1.366970111
123,0.00374,1.81818E-05,0.0010999,0.119758444,1.170740259,1.773375721,0.72773618,1.763684093,2.388698557,0.208918387,0.884562118,4.342607591,1.678691634,1.17658812,2.108653417,0.099540431,0.871872993,1.512355737,0.536546634,0.300513957,1.331417274
124,0.00374,0.000118182,0.0000109,0.119758444,1.170740259,1.773375721,0.72773618,1.763684093,2.388698557,0.19968137,0.822651985,5.385142642,1.888929622,0.457896174,1.256121566,0.10978548,0.902805236,2.423462724,0.840175408,0.459573109,1.804866648
125,0.00374,0.000118182,0.0003739,0.119758444,1.170740259,1.773375721,0.72773618,1.763684093,2.388698557,0.19826128,0.854161216,4.592313377,1.599026713,0.564006588,1.353345741,0.106534732,0.935770681,1.380554239,0.930229545,0.509511421,1.771796687
126,0.00374,0.000118182,0.0007369,0.119758444,1.170740259,1.773375721,0.72773618,1.763684093,2.388698557,0.199162182,0.854161216,4.382291348,1.576171474,0.78289425,1.425161147,0.099537733,0.901723405,1.833984797,0.830422654,0.449636756,1.591289759
127,0.00374,0.000118182,0.0010999,0.119758444,1.170740259,1.773375721,0.72773618,1.763684093,2.388698557,0.190791316,0.853128945,4.270707299,1.56016923,0.805586065,1.491992528,0.098735718,0.901723405,1.748489798,0.841342657,0.432870897,1.584912861
128,0.00374,0.000218182,0.0000109,0.119758444,1.170740259,1.773375721,0.72773618,1.763684093,2.388698557,0.237544546,0.822651985,4.822022149,1.6347087,0.283962478,1.131538903,0.124562351,0.869773204,4.121109619,1.539105465,0.625540785,2.196823534
129,0.00374,0.000218182,0.0003739,0.119758444,1.170740259,1.773375721,0.72773618,1.763684093,2.388698557,0.191281492,0.853128945,4.060434928,1.390655863,0.568450078,1.330608963,0.08187557,0.871872993,1.986127626,0.690578229,0.290971991,1.365782726
130,0.00374,0.000218182,0.0007369,0.119758444,1.170740259,1.773375721,0.72773618,1.763684093,2.388698557,0.200218689,0.853128945,3.736141219,1.353581268,0.779403611,1.555280939,0.115743888,0.901723405,2.385531884,0.867508088,0.384312918,1.588650086
131,0.00374,0.000218182,0.0010999,0.119758444,1.170740259,1.773375721,0.72773618,1.763684093,2.388698557,0.208918387,0.852097738,3.60981939,1.353581268,0.78329278,1.591327554,0.099651982,0.901723405,2.041259054,0.732094991,0.364046179,1.596954818
132,0.00374,0.000318182,0.0000109,0.119758444,1.170740259,1.773375721,0.72773618,1.763684093,2.388698557,0.223584017,0.79311352,4.231082935,1.450729799,0.345316375,1.299563135,0.092296668,0.840824395,1.313849265,0.452864807,0.184168386,1.152353353
133,0.00374,0.000318182,0.0003739,0.119758444,1.170740259,1.773375721,0.72773618,1.763684093,2.388698557,0.190667176,0.822651985,3.668978712,1.274342773,0.492030692,1.358084303,0.118369632,0.870822561,5.645500486,2.160986334,0.604134957,2.1715829
134,0.00374,0.000318182,0.0007369,0.119758444,1.170740259,1.773375721,0.72773618,1.763684093,2.388698557,0.208918387,0.794083206,3.47573742,1.260754953,0.615111827,1.45193136,0.079983096,0.871872993,1.836408811,0.941418014,0.23810237,1.4095331
135,0.00374,0.000318182,0.0010999,0.119758444,1.170740259,1.773375721,0.72773618,1.763684093,2.388698557,0.199689664,0.822651985,3.197535388,1.233579311,0.695875561,1.463591161,0.100834936,0.870822561,1.819529284,0.797819914,0.241037152,1.3953334
136,0.00374,0.000418182,0.0000109,0.119758444,1.170740259,1.773375721,0.72773618,1.763684093,2.388698557,0.207648729,0.795053917,3.573692531,1.304168252,0.307819267,1.338437088,0.082175039,0.902805236,1.522528849,0.936673197,0.392248068,1.679990057
137,0.00374,0.000418182,0.0003739,0.119758444,1.170740259,1.773375721,0.72773618,1.763684093,2.388698557,0.207964621,0.822651985,3.275146032,1.259661179,0.528451238,1.345279709,0.061091672,0.870822561,1.278878697,0.532696534,0.211177269,1.351795155
138,0.00374,0.000418182,0.0007369,0.119758444,1.170740259,1.773375721,0.72773618,1.763684093,2.388698557,0.199815183,0.823652664,3.04581262,1.237293184,0.564040167,1.38266767,0.090135275,0.870822561,1.62819555,0.777112915,0.251405321,1.397488412
139,0.00374,0.000418182,0.0010999,0.119758444,1.170740259,1.773375721,0.72773618,1.763684093,2.388698557,0.208918387,0.823652664,2.852857359,1.214412675,0.577164975,1.41660112,0.093775604,0.870822561,1.900781951,0.929035012,0.256769624,1.425723368
140,0.00374,0.000518182,0.0000109,0.119758444,1.170740259,1.773375721,0.72773618,1.763684093,2.388698557,0.223921851,0.80855474,3.356788643,1.168844191,0.509661939,1.278885418,0.084015506,0.791951412,1.886973067,0.708349965,0.168671373,0.905829795
141,0.00374,0.000518182,0.0003739,0.119758444,1.170740259,1.773375721,0.72773618,1.763684093,2.388698557,0.199555018,0.794083206,2.72418953,1.084272046,0.972629109,1.498318259,0.08322986,0.840824395,0.979673441,0.364958096,0.065843769,0.802738911
142,0.00374,0.000518182,0.0007369,0.119758444,1.170740259,1.773375721,0.72773618,1.763684093,2.388698557,0.199680102,0.79311352,3.464338049,2.285408026,1.238828788,1.634550357,0.097707563,0.969734953,1.495852977,0.70694238,0.492597043,1.568671851
143,0.00374,0.000518182,0.0010999,0.119758444,1.170740259,1.773375721,0.72773618,1.763684093,2.388698557,0.199623721,0.822651985,4.210382679,3.273101643,1.557641793,2.023054116,0.100823124,1.003530875,1.912542528,0.908358569,0.956029711,1.85272186
144,0.00374,0.000618182,0.0000109,0.119758444,1.170740259,1.773375721,0.72773618,1.763684093,2.388698557,0.196743573,0.809540674,3.332444634,1.138740628,0.378610284,1.175557385,0.099706113,0.840824395,2.086941479,0.754157314,0.184159042,1.196839255
145,0.00374,0.000618182,0.0003739,0.119758444,1.170740259,1.773375721,0.72773618,1.763684093,2.388698557,0.218424407,0.809540674,2.919200714,1.039233625,0.56960072,1.30082836,0.101267792,0.840824395,2.916216522,1.234349908,0.169274556,1.216772384
146,0.00374,0.000618182,0.0007369,0.119758444,1.170740259,1.773375721,0.72773618,1.763684093,2.388698557,0.218716421,0.792144857,2.717843013,1.012071965,0.693976194,1.326520877,0.101220841,0.871872993,2.615083336,1.283950456,0.274469507,1.476802074
147,0.00374,0.000618182,0.0010999,0.119758444,1.170740259,1.773375721,0.72773618,1.763684093,2.388698557,0.2085919,0.792144857,2.60822924,0.989437248,0.869280639,1.395837556,0.100860662,0.870822561,2.004241951,0.95011638,0.271657555,1.486211293
148,0.00374,0.000718182,0.0000109,0.119758444,1.170740259,1.773375721,0.72773618,1.763684093,2.388698557,0.223287408,0.839602487,3.304665865,1.099682746,0.467364216,1.202776641,0.072019097,0.871872993,2.105826198,0.735377871,0.301082796,1.36264626
149,0.00374,0.000718182,0.0003739,0.119758444,1.170740259,1.773375721,0.72773618,1.763684093,2.388698557,0.20734232,0.839602487,3.291607012,1.095974794,0.474223624,1.206669897,0.072068919,0.871872993,2.170086526,0.752709033,0.307514543,1.381151198
150,0.00374,0.000718182,0.0007369,0.119758444,1.170740259,1.773375721,0.72773618,1.763684093,2.388698557,0.20734232,0.839602487,3.291607012,1.095974794,0.474223624,1.206669897,0.072068919,0.871872993,2.170086526,0.752709033,0.307514543,1.381151198
151,0.00374,0.000718182,0.0010999,0.119758444,1.170740259,1.773375721,0.72773618,1.763684093,2.388698557,0.20734232,0.839602487,3.291607012,1.095974794,0.474223624,1.206669897,0.072068919,0.871872993,2.170086526,0.752709033,0.307514543,1.381151198
152,0.00374,0.000818182,0.0000109,0.119758444,1.170740259,1.773375721,0.72773618,1.763684093,2.388698557,0.196386094,0.839602487,2.855047813,1.011640427,0.541166963,1.225044884,0.101090492,0.901723405,2.228209867,0.73440903,0.391208728,1.583667372
153,0.00374,0.000818182,0.0003739,0.119758444,1.170740259,1.773375721,0.72773618,1.763684093,2.388698557,0.196549584,0.839602487,2.741384022,0.990029433,0.601222497,1.265511343,0.106942504,0.901723405,2.253239988,0.748896283,0.421685689,1.605122945
154,0.00374,0.000818182,0.0007369,0.119758444,1.170740259,1.773375721,0.72773618,1.763684093,2.388698557,0.196600864,0.839602487,2.728594714,0.980785907,0.60457221,1.271289194,0.10675952,0.901723405,2.21104784,0.754050524,0.418477067,1.606024069
155,0.00374,0.000818182,0.0010999,0.119758444,1.170740259,1.773375721,0.72773618,1.763684093,2.388698557,0.206753051,0.839602487,2.721188426,0.979485419,0.608234895,1.275373453,0.106861432,0.901723405,2.241513834,0.751828141,0.42215566,1.607579668
156,0.00374,0.000918182,0.0000109,0.119758444,1.170740259,1.773375721,0.72773618,1.763684093,2.388698557,0.168782631,0.809540674,3.749549947,1.251289903,0.410657673,1.325397235,0.116657972,0.902805236,2.454976102,0.868306924,0.412176736,1.601346469
157,0.00374,0.000918182,0.0003739,0.119758444,1.170740259,1.773375721,0.72773618,1.763684093,2.388698557,0.169092238,0.809540674,3.713198178,1.246768289,0.424685769,1.334041469,0.117895746,0.902805236,2.428786718,0.857745413,0.410463196,1.599435363
158,0.00374,0.000918182,0.0007369,0.119758444,1.170740259,1.773375721,0.72773618,1.763684093,2.388698557,0.169092241,0.809540674,3.713201383,1.246768289,0.42468659,1.334041469,0.117865293,0.902805236,2.417835709,0.853583145,0.409765707,1.599675606
159,0.00374,0.000918182,0.0010999,0.119758444,1.170740259,1.773375721,0.72773618,1.763684093,2.388698557,0.169092241,0.809540674,3.713201383,1.246768289,0.42468659,1.334041469,0.117865293,0.902805236,2.417835709,0.853583145,0.409765707,1.599675606
160,0.00495,1.81818E-05,0.0000109,0.119756054,1.169403264,1.772708588,0.727902289,1.748517844,2.372338805,0.208918387,0.795053917,5.149298858,1.761576495,0.366271664,1.275943605,0.117687156,0.934655828,1.953573367,0.77620092,0.604711339,1.900600139
161,0.00495,1.81818E-05,0.0003739,0.119756054,1.169403264,1.772708588,0.727902289,1.748517844,2.372338805,0.198250045,0.853128945,4.819295159,1.708393035,0.291563776,1.103608392,0.116691295,0.934655828,1.729737862,0.781135835,0.521374271,1.800155666
162,0.00495,1.81818E-05,0.0007369,0.119756054,1.169403264,1.772708588,0.727902289,1.748517844,2.372338805,0.199679981,0.824654387,4.792488261,1.654654518,0.327789131,1.232673648,0.100395595,0.968586555,1.360729218,0.897416671,0.695188101,2.022068107
163,0.00495,1.81818E-05,0.0010999,0.119756054,1.169403264,1.772708588,0.727902289,1.748517844,2.372338805,0.199526762,0.824654387,4.790342706,1.661456676,0.30311579,1.224716389,0.115612533,0.968586555,1.340155677,0.870686198,0.676024146,2.002907067
164,0.00495,0.000118182,0.0000109,0.119756054,1.169403264,1.772708588,0.727902289,1.748517844,2.372338805,0.223666106,0.822651985,4.98356833,1.727521104,0.226877081,0.957441928,0.124994954,0.902805236,3.317045315,1.34650066,0.44991746,1.771132756
165,0.00495,0.000118182,0.0003739,0.119756054,1.169403264,1.772708588,0.727902289,1.748517844,2.372338805,0.188554477,0.852097738,4.342938459,1.464111671,0.457174435,1.281414862,0.09540024,0.872924498,2.737112465,0.979537485,0.339352171,1.392290856
166,0.00495,0.000118182,0.0007369,0.119756054,1.169403264,1.772708588,0.727902289,1.748517844,2.372338805,0.190027156,0.823652664,4.365274206,1.490243169,0.293171726,1.167024067,0.110260758,0.871872993,3.140738645,1.125626615,0.367249108,1.502572787
167,0.00495,0.000118182,0.0010999,0.119756054,1.169403264,1.772708588,0.727902289,1.748517844,2.372338805,0.191051605,0.823652664,4.266922587,1.476001387,0.304663497,1.194511143,0.10205082,0.870822561,3.04360157,1.062863731,0.368666998,1.481497721
168,0.00495,0.000218182,0.0000109,0.119756054,1.169403264,1.772708588,0.727902289,1.748517844,2.372338805,0.21070945,0.821652349,4.669542554,1.606951267,0.149879023,0.783063139,0.128791358,0.902805236,4.479776848,1.81072764,0.7463605,2.357953596
169,0.00495,0.000218182,0.0003739,0.119756054,1.169403264,1.772708588,0.727902289,1.748517844,2.372338805,0.18162512,0.822651985,4.264686788,1.43926004,0.164580965,0.902310576,0.117188341,0.900642665,3.325921207,1.125764209,0.727876358,2.22374768
170,0.00495,0.000218182,0.0007369,0.119756054,1.169403264,1.772708588,0.727902289,1.748517844,2.372338805,0.199997487,0.822651985,4.1071946,1.421158119,0.202497984,0.967927072,0.110607692,0.870822561,3.167235814,1.102130769,0.351336301,1.412841778
171,0.00495,0.000218182,0.0010999,0.119756054,1.169403264,1.772708588,0.727902289,1.748517844,2.372338805,0.200095413,0.822651985,4.057773589,1.416632638,0.216971337,0.990229441,0.0956592,0.870822561,2.897383006,1.010368151,0.335256746,1.396813404
172,0.00495,0.000318182,0.0000109,0.119756054,1.169403264,1.772708588,0.727902289,1.748517844,2.372338805,0.211506961,0.822651985,4.45098377,1.532272561,0.243354036,1.034317496,0.064041421,0.840824395,1.321878389,0.462974612,0.242593457,1.390142535
173,0.00495,0.000318182,0.0003739,0.119756054,1.169403264,1.772708588,0.727902289,1.748517844,2.372338805,0.191016714,0.822651985,4.305447802,1.483160415,0.230844651,1.090585389,0.11011503,0.841843958,2.848030266,0.924490317,0.265983361,1.329828864
174,0.00495,0.000318182,0.0007369,0.119756054,1.169403264,1.772708588,0.727902289,1.748517844,2.372338805,0.191016846,0.822651985,4.305478581,1.483160415,0.230894047,1.090584998,0.10116694,0.841843958,2.345935006,0.778641113,0.251328178,1.357375476
175,0.00495,0.000318182,0.0010999,0.119756054,1.169403264,1.772708588,0.727902289,1.748517844,2.372338805,0.191016544,0.822651985,4.305354959,1.483160415,0.230763242,1.090584839,0.10996295,0.841843958,2.767918591,0.892969556,0.261467496,1.316203329
176,0.00495,0.000418182,0.0000109,0.119756054,1.169403264,1.772708588,0.727902289,1.748517844,2.372338805,0.19575687,0.79311352,4.438047819,1.5678968,0.200335408,0.97694996,0.090399041,0.870822561,3.620508184,1.28707234,0.413550239,1.636930508
177,0.00495,0.000418182,0.0003739,0.119756054,1.169403264,1.772708588,0.727902289,1.748517844,2.372338805,0.195434161,0.79311352,4.323306252,1.517309605,0.200191321,1.037978323,0.109079103,0.871872993,2.217915698,0.784297231,0.354629751,1.481150492
178,0.00495,0.000418182,0.0007369,0.119756054,1.169403264,1.772708588,0.727902289,1.748517844,2.372338805,0.195434317,0.79311352,4.323385067,1.517313942,0.200198219,1.037967277,0.116347579,0.871872993,2.367718338,0.829290359,0.363088437,1.484697205
179,0.00495,0.000418182,0.0010999,0.119756054,1.169403264,1.772708588,0.727902289,1.748517844,2.372338805,0.195434047,0.79311352,4.323361769,1.517299785,0.200244267,1.038003259,0.116001921,0.871872993,2.148715164,0.767365097,0.34066055,1.485799251
180,0.00495,0.000518182,0.0000109,0.119756054,1.169403264,1.772708588,0.727902289,1.748517844,2.372338805,0.195492149,0.810527641,4.428850023,1.61593011,0.240598029,1.202552084,0.109431483,0.901723405,2.430443881,0.845869036,0.460134131,1.748085568
181,0.00495,0.000518182,0.0003739,0.119756054,1.169403264,1.772708588,0.727902289,1.748517844,2.372338805,0.195466673,0.810527641,4.426510814,1.61472159,0.240363459,1.203125077,0.109517279,0.901723405,2.456128868,0.855991715,0.462903289,1.754685632
182,0.00495,0.000518182,0.0007369,0.119756054,1.169403264,1.772708588,0.727902289,1.748517844,2.372338805,0.195466531,0.810527641,4.426604563,1.61472159,0.240436389,1.203125077,0.116819954,0.901723405,2.558245437,0.896554304,0.469568462,1.763458092
183,0.00495,0.000518182,0.0010999,0.119756054,1.169403264,1.772708588,0.727902289,1.748517844,2.372338805,0.195466531,0.810527641,4.426604563,1.61472159,0.240436389,1.203125077,0.116819954,0.901723405,2.558245437,0.896554304,0.469568462,1.763458092
184,0.00495,0.000618182,0.0000109,0.119756054,1.169403264,1.772708588,0.727902289,1.748517844,2.372338805,0.195680139,0.810527641,4.2262787,1.548274314,0.201447198,1.068325457,0.123278998,0.870822561,3.824073491,1.415861048,0.387638162,1.605251526
185,0.00495,0.000618182,0.0003739,0.119756054,1.169403264,1.772708588,0.727902289,1.748517844,2.372338805,0.194972509,0.809540674,4.074530887,1.453947048,0.240563475,1.136954361,0.11815961,0.871872993,3.276342608,1.265149907,0.354436785,1.565665379
186,0.00495,0.000618182,0.0007369,0.119756054,1.169403264,1.772708588,0.727902289,1.748517844,2.372338805,0.194972733,0.809540674,4.074456275,1.453944509,0.240602693,1.136971941,0.118177805,0.871872993,3.305324575,1.275769677,0.355086816,1.56703693
187,0.00495,0.000618182,0.0010999,0.119756054,1.169403264,1.772708588,0.727902289,1.748517844,2.372338805,0.194972555,0.809540674,4.074623276,1.453955769,0.240658697,1.136937808,0.118286886,0.871872993,3.308548678,1.275779304,0.357144322,1.568146797
188,0.00495,0.000718182,0.0000109,0.119756054,1.169403264,1.772708588,0.727902289,1.748517844,2.372338805,0.196439603,0.792144857,4.311917176,1.583649214,0.179702813,1.035575928,0.088227774,0.902805236,2.915641065,1.135600082,0.44381237,1.761657384
189,0.00495,0.000718182,0.0003739,0.119756054,1.169403264,1.772708588,0.727902289,1.748517844,2.372338805,0.19643964,0.792144857,4.311988156,1.583648754,0.179392869,1.03451392,0.095269306,0.902805236,2.7981771,1.088844969,0.437614272,1.75504998
190,0.00495,0.000718182,0.0007369,0.119756054,1.169403264,1.772708588,0.727902289,1.748517844,2.372338805,0.19643964,0.792144857,4.311988156,1.583648754,0.179392869,1.03451392,0.095269306,0.902805236,2.7981771,1.088844969,0.437614272,1.75504998
191,0.00495,0.000718182,0.0010999,0.119756054,1.169403264,1.772708588,0.727902289,1.748517844,2.372338805,0.19643964,0.792144857,4.311988156,1.583648754,0.179392869,1.03451392,0.095269306,0.902805236,2.7981771,1.088844969,0.437614272,1.75504998
192,0.00495,0.000818182,0.0000109,0.119756054,1.169403264,1.772708588,0.727902289,1.748517844,2.372338805,0.182726354,0.840620783,4.279920865,1.603495615,0.316193002,1.315073503,0.110051814,0.902805236,2.662280031,0.963640928,0.454541418,1.730338601
193,0.00495,0.000818182,0.0003739,0.119756054,1.169403264,1.772708588,0.727902289,1.748517844,2.372338805,0.181964575,0.839602487,4.106361464,1.489550986,0.392000555,1.36764989,0.108305991,0.872924498,2.053393731,0.744870748,0.319329658,1.446465327
194,0.00495,0.000818182,0.0007369,0.119756054,1.169403264,1.772708588,0.727902289,1.748517844,2.372338805,0.181964486,0.839602487,4.106412551,1.489561083,0.391963869,1.367637237,0.092182288,0.871872993,2.211622896,0.804520499,0.320492091,1.449705606
195,0.00495,0.000818182,0.0010999,0.119756054,1.169403264,1.772708588,0.727902289,1.748517844,2.372338805,0.181964968,0.839602487,4.106582422,1.489547088,0.392129297,1.367656013,0.091651387,0.872924498,2.126126974,0.775625673,0.321405698,1.45408845
196,0.00495,0.000918182,0.0000109,0.119756054,1.169403264,1.772708588,0.727902289,1.748517844,2.372338805,0.18248743,0.840620783,4.209775866,1.553606655,0.344801225,1.363630521,0.111910175,0.901723405,3.574354596,1.508937002,0.703837499,2.341960693
197,0.00495,0.000918182,0.0003739,0.119756054,1.169403264,1.772708588,0.727902289,1.748517844,2.372338805,0.181599623,0.839602487,4.068276504,1.460708171,0.403371057,1.400628105,0.117709863,0.871872993,2.389103247,0.908219294,0.306691145,1.441290902
198,0.00495,0.000918182,0.0007369,0.119756054,1.169403264,1.772708588,0.727902289,1.748517844,2.372338805,0.181600082,0.839602487,4.068294898,1.460694111,0.403461834,1.400659439,0.118384892,0.871872993,2.494935036,0.951078831,0.310752574,1.44864518
199,0.00495,0.000918182,0.0010999,0.119756054,1.169403264,1.772708588,0.727902289,1.748517844,2.372338805,0.181597521,0.839602487,4.069106039,1.46084658,0.402878876,1.400395414,0.117968608,0.871872993,2.541124189,0.950744296,0.313110445,1.440764234
200,0.00616,1.81818E-05,0.0000109,0.119755739,1.170740259,1.774487791,0.728366458,1.759497243,2.382353195,0.198715793,0.838585243,4.341053716,1.539812471,0.366916305,1.413629691,0.093939086,0.840824395,2.420529586,0.804255005,0.273727504,1.47688608
201,0.00616,1.81818E-05,0.0003739,0.119755739,1.170740259,1.774487791,0.728366458,1.759497243,2.382353195,0.195196476,0.809540674,4.230805041,1.536457093,0.194415278,1.082764848,0.095151368,0.870822561,2.552802718,0.901985332,0.346236726,1.513701886
202,0.00616,1.81818E-05,0.0007369,0.119755739,1.170740259,1.774487791,0.728366458,1.759497243,2.382353195,0.208677547,0.80855474,4.098869821,1.515158047,0.23470957,1.123801506,0.103503564,0.902805236,2.978541738,1.050982781,0.495570491,1.766234523
203,0.00616,1.81818E-05,0.0010999,0.119755739,1.170740259,1.774487791,0.728366458,1.759497243,2.382353195,0.195321597,0.80855474,4.068471013,1.464255312,0.233463751,1.124969581,0.109702836,0.902805236,3.041032509,1.062415757,0.506331626,1.76876546
204,0.00616,0.000118182,0.0000109,0.115069822,1.170740259,1.825799779,0.752697424,1.87962844,2.659281741,0.199709703,0.824654387,4.717984534,1.675124872,0.393913786,1.304430026,0.125455229,4.270969509,4.245227298,1.926824481,3.022566417,3.003632104
205,0.00616,0.000118182,0.0003739,0.119755739,1.170740259,1.774487791,0.728366458,1.759497243,2.382353195,0.175875548,0.794083206,3.618864091,1.235992815,0.479718872,1.325424308,0.101577108,0.870822561,2.506507511,1.061410825,0.237327225,1.387182595
206,0.00616,0.000118182,0.0007369,0.119755739,1.170740259,1.774487791,0.728366458,1.759497243,2.382353195,0.197418186,0.80756984,3.427078481,1.176853451,0.860840845,1.445651499,0.109057275,0.968586555,1.384990445,0.839175704,0.67551823,2.090229539
207,0.00616,0.000118182,0.0010999,0.119755739,1.170740259,1.774487791,0.728366458,1.759497243,2.382353195,0.207634169,0.80756984,3.265385578,1.155206106,0.836950208,1.464015521,0.118383511,0.968586555,1.553773795,0.804178224,0.75197028,2.100596428
208,0.00616,0.000218182,0.0000109,0.119755739,1.170740259,1.774487791,0.728366458,1.759497243,2.382353195,0.164492441,0.809540674,3.675424117,1.224031949,0.36037545,1.285790421,0.119538867,0.871872993,3.001619897,1.125183997,0.351214502,1.546362239
209,0.00616,0.000218182,0.0003739,0.119755739,1.170740259,1.774487791,0.728366458,1.759497243,2.382353195,0.207554182,0.79311352,2.793750457,1.095032936,0.618542151,1.401692534,0.088427818,0.840824395,1.705078962,0.659411823,0.158060654,1.181200627
210,0.00616,0.000218182,0.0007369,0.119755739,1.170740259,1.774487791,0.728366458,1.759497243,2.382353195,0.199187731,0.79311352,2.720737987,1.069053249,0.895901951,1.487430897,0.044236495,0.870822561,0.569267855,0.290273838,0.239254888,1.430135122
211,0.00616,0.000218182,0.0010999,0.119755739,1.170740259,1.774487791,0.728366458,1.759497243,2.382353195,0.208918387,0.79311352,3.410082897,1.985710123,1.171263404,1.578750767,0.067705963,0.870822561,0.882272321,0.405134158,0.256479042,1.481572323
212,0.00616,0.000318182,0.0000109,0.119755739,1.170740259,1.774487791,0.728366458,1.759497243,2.382353195,0.175522927,0.809540674,3.234348586,1.169130586,0.268187697,1.18933078,0.100982728,0.968586555,1.310129681,0.820911187,0.669265258,1.963612728
213,0.00616,0.000318182,0.0003739,0.119755739,1.170740259,1.774487791,0.728366458,1.759497243,2.382353195,0.196550505,0.792144857,2.755323959,1.110188256,0.521136191,1.264365504,0.106893421,0.870822561,1.105121232,0.450862277,0.223074278,1.332915189
214,0.00616,0.000318182,0.0007369,0.119755739,1.170740259,1.774487791,0.728366458,1.759497243,2.382353195,0.20746295,0.79311352,2.543834821,1.079516293,0.596870691,1.317243382,0.075804868,0.870822561,0.530671831,0.298604545,0.234460866,1.390471277
215,0.00616,0.000318182,0.0010999,0.119755739,1.170740259,1.774487791,0.728366458,1.759497243,2.382353195,0.208123373,0.79311352,2.463080323,1.055482317,0.656827246,1.35597814,0.060669546,0.870822561,0.810759389,0.399310207,0.242925685,1.401584663
216,0.00616,0.000418182,0.0000109,0.119755739,1.170740259,1.774487791,0.728366458,1.759497243,2.382353195,0.196659783,0.809540674,3.180740838,1.159741747,0.24249971,1.148509969,0.079882746,0.90388816,1.503132282,0.84058763,0.408511408,1.570606365
217,0.00616,0.000418182,0.0003739,0.119755739,1.170740259,1.774487791,0.728366458,1.759497243,2.382353195,0.196737588,0.809540674,3.124754722,1.149786597,0.25427818,1.162762179,0.096897081,0.90388816,1.52215343,0.850483647,0.415379623,1.613662094
218,0.00616,0.000418182,0.0007369,0.119755739,1.170740259,1.774487791,0.728366458,1.759497243,2.382353195,0.196737586,0.809540674,3.124753258,1.149786597,0.254277399,1.162762179,0.113521071,0.934655828,1.544573854,0.882678441,0.591806215,1.797482966
219,0.00616,0.000418182,0.0010999,0.119755739,1.170740259,1.774487791,0.728366458,1.759497243,2.382353195,0.196737586,0.809540674,3.124753258,1.149786597,0.254277399,1.162762179,0.113521071,0.934655828,1.544573854,0.882678441,0.591806215,1.797482966
220,0.00616,0.000518182,0.0000109,0.119755739,1.170740259,1.774487791,0.728366458,1.759497243,2.382353195,0.183634299,0.810527641,3.33112912,1.168962955,0.15915927,0.963876672,0.079830787,0.870822561,1.627623451,0.55799348,0.304132857,1.374304598
221,0.00616,0.000518182,0.0003739,0.119755739,1.170740259,1.774487791,0.728366458,1.759497243,2.382353195,0.208138479,0.810527641,3.236656871,1.145792368,0.178190632,1.005716521,0.089558534,0.901723405,2.110565283,0.769558781,0.440507345,1.627146018
222,0.00616,0.000518182,0.0007369,0.119755739,1.170740259,1.774487791,0.728366458,1.759497243,2.382353195,0.208138217,0.810527641,3.236695905,1.145792368,0.178161104,1.005687494,0.089563197,0.901723405,2.106315553,0.769414986,0.439673956,1.626130866
223,0.00616,0.000518182,0.0010999,0.119755739,1.170740259,1.774487791,0.728366458,1.759497243,2.382353195,0.208138277,0.810527641,3.236683512,1.145792368,0.178169056,1.005694698,0.089573719,0.901723405,2.116016988,0.768576068,0.440868599,1.627427263
224,0.00616,0.000618182,0.0000109,0.119755739,1.170740259,1.774487791,0.728366458,1.759497243,2.382353195,0.162280977,0.838585243,3.418513883,1.156358205,0.326976284,1.27061558,0.088915367,0.901723405,1.850738815,0.824505759,0.457867328,1.590422643
225,0.00616,0.000618182,0.0003739,0.119755739,1.170740259,1.774487791,0.728366458,1.759497243,2.382353195,0.181433074,0.838585243,3.312199252,1.136784374,0.372883064,1.300368412,0.083799374,0.934655828,1.473283123,0.948867079,0.572097601,1.792266505
226,0.00616,0.000618182,0.0007369,0.119755739,1.170740259,1.774487791,0.728366458,1.759497243,2.382353195,0.181433172,0.838585243,3.312262403,1.136784374,0.372866091,1.300365683,0.083807017,0.934655828,1.472372527,0.9500854,0.571682445,1.79248344
227,0.00616,0.000618182,0.0010999,0.119755739,1.170740259,1.774487791,0.728366458,1.759497243,2.382353195,0.181433109,0.838585243,3.312261242,1.136784374,0.372855512,1.300356404,0.10612593,0.934655828,1.498790231,0.930269343,0.583597452,1.79308943
228,0.00616,0.000718182,0.0000109,0.119755739,1.170740259,1.774487791,0.728366458,1.759497243,2.382353195,0.168329908,0.838585243,3.488165087,1.199720628,0.335429592,1.336981815,0.116156915,0.90388816,2.187954992,0.84409644,0.407990606,1.699006665
229,0.00616,0.000718182,0.0003739,0.119755739,1.170740259,1.774487791,0.728366458,1.759497243,2.382353195,0.168133645,0.838585243,3.430763958,1.186161548,0.358095565,1.352032069,0.109081028,0.934655828,1.858809528,0.747306044,0.534496621,1.913381699
230,0.00616,0.000718182,0.0007369,0.119755739,1.170740259,1.774487791,0.728366458,1.759497243,2.382353195,0.168133623,0.838585243,3.430750351,1.186161548,0.358093674,1.352035385,0.10916031,0.934655828,1.878000685,0.744004678,0.535437516,1.915155257
231,0.00616,0.000718182,0.0010999,0.119755739,1.170740259,1.774487791,0.728366458,1.759497243,2.382353195,0.168133623,0.838585243,3.430750351,1.186161548,0.358093674,1.352035385,0.10916031,0.934655828,1.878000685,0.744004678,0.535437516,1.915155257
232,0.00616,0.000818182,0.0000109,0.119755739,1.170740259,1.774487791,0.728366458,1.759497243,2.382353195,0.208484898,0.839602487,3.614482199,1.258856473,0.29046601,1.274059315,0.103686336,0.901723405,2.278157531,0.784932363,0.458032432,1.688860495
233,0.00616,0.000818182,0.0003739,0.119755739,1.170740259,1.774487791,0.728366458,1.759497243,2.382353195,0.208343287,0.839602487,3.543034877,1.21922349,0.318215337,1.296827332,0.095590466,0.934655828,1.652307705,0.842738905,0.569510068,1.877587131
234,0.00616,0.000818182,0.0007369,0.119755739,1.170740259,1.774487791,0.728366458,1.759497243,2.382353195,0.208343267,0.839602487,3.543029685,1.219187564,0.318227896,1.29683709,0.103349908,0.902805236,1.896903852,0.770239738,0.402610068,1.659463903
235,0.00616,0.000818182,0.0010999,0.119755739,1.170740259,1.774487791,0.728366458,1.759497243,2.382353195,0.2083433,0.839602487,3.543012647,1.219181525,0.318237965,1.29683711,0.103538047,0.902805236,1.820155244,0.798816845,0.412037721,1.645191395
236,0.00616,0.000918182,0.0000109,0.119755739,1.170740259,1.774487791,0.728366458,1.759497243,2.382353195,0.195248068,0.839602487,3.836412154,1.358196443,0.273422519,1.227438324,0.115824177,1.002349579,1.630263898,1.098524376,0.819404564,2.172446102
237,0.00616,0.000918182,0.0003739,0.119755739,1.170740259,1.774487791,0.728366458,1.759497243,2.382353195,0.195248068,0.839602487,3.836412154,1.358196443,0.273422519,1.227438324,0.115824177,1.002349579,1.630263898,1.098524376,0.819404564,2.172446102
238,0.00616,0.000918182,0.0007369,0.119755739,1.170740259,1.774487791,0.728366458,1.759497243,2.382353195,0.195248068,0.839602487,3.836412154,1.358196443,0.273422519,1.227438324,0.115824177,1.002349579,1.630263898,1.098524376,0.819404564,2.172446102
239,0.00616,0.000918182,0.0010999,0.119755739,1.170740259,1.774487791,0.728366458,1.759497243,2.382353195,0.195248068,0.839602487,3.836412154,1.358196443,0.273422519,1.227438324,0.115824177,1.002349579,1.630263898,1.098524376,0.819404564,2.172446102
240,0.00737,1.81818E-05,0.0000109,0.119756212,1.170740259,1.775604765,0.728907087,1.758686186,2.384986842,0.218911877,0.822651985,5.121999805,1.777669413,0.503911002,1.240465892,0.121729366,0.902805236,1.736201295,0.926535777,0.446345153,1.821092068
241,0.00737,1.81818E-05,0.0003739,0.119756212,1.170740259,1.775604765,0.728907087,1.758686186,2.384986842,0.209910427,0.854161216,4.143034584,1.493360843,0.9349646,1.563653865,0.092431203,0.840824395,2.569949305,0.918139795,0.129598086,1.069365514
242,0.00737,1.81818E-05,0.0007369,0.119756212,1.170740259,1.775604765,0.728907087,1.758686186,2.384986842,0.208918387,0.854161216,3.649551381,1.354381591,1.240943955,1.910750837,0.07947004,0.870822561,1.112045062,0.502943235,0.238425453,1.404444382
243,0.00737,1.81818E-05,0.0010999,0.119756212,1.170740259,1.775604765,0.728907087,1.758686186,2.384986842,0.208918387,0.854161216,4.039702806,2.045787114,1.41588077,2.172479447,0.066916892,0.870822561,0.667868806,0.29627508,0.242590277,1.433778806
244,0.00737,0.000118182,0.0000109,0.119756212,1.170740259,1.775604765,0.728907087,1.758686186,2.384986842,0.222557013,0.79311352,4.565558285,1.567341162,0.238493573,1.136053505,0.109230015,0.869773204,3.238371451,1.328476669,0.586918482,2.203815899
245,0.00737,0.000118182,0.0003739,0.119756212,1.170740259,1.775604765,0.728907087,1.758686186,2.384986842,0.19945665,0.823652664,3.122880212,1.21783934,0.724972195,1.40770953,0.118719409,0.870822561,6.205440791,2.257531212,0.614068926,2.128981119
246,0.00737,0.000118182,0.0007369,0.119756212,1.170740259,1.775604765,0.728907087,1.758686186,2.384986842,0.208918387,0.822651985,3.614314834,1.643155933,1.122577324,1.737084891,0.083255778,0.870822561,0.991770599,0.532698843,0.243583579,1.405354498
247,0.00737,0.000118182,0.0010999,0.119756212,1.170740259,1.775604765,0.728907087,1.758686186,2.384986842,0.208918387,0.823652664,3.616547909,1.9282946,1.125273197,1.803015155,0.083817184,0.870822561,1.381459896,0.716842015,0.253184996,1.436849047
248,0.00737,0.000218182,0.0000109,0.119756212,1.170740259,1.775604765,0.728907087,1.758686186,2.384986842,0.236773526,0.79311352,4.023988212,1.331675157,0.299222128,1.225508611,0.108556863,0.934655828,1.526549105,0.736330011,0.470491858,1.74309378
249,0.00737,0.000218182,0.0003739,0.119756212,1.170740259,1.775604765,0.728907087,1.758686186,2.384986842,0.218655359,0.794083206,3.831817112,1.297026893,0.333736058,1.263797997,0.096081219,0.871872993,2.651318245,1.044244055,0.240656138,1.325248191
250,0.00737,0.000218182,0.0007369,0.119756212,1.170740259,1.775604765,0.728907087,1.758686186,2.384986842,0.198326409,0.821652349,3.718635545,1.287110672,0.477595457,1.214702403,0.108431087,0.871872993,2.065696698,0.929295274,0.234361502,1.345429304
251,0.00737,0.000218182,0.0010999,0.119756212,1.170740259,1.775604765,0.728907087,1.758686186,2.384986842,0.191087082,0.822651985,3.576611581,1.264460641,0.458089983,1.23661925,0.093214451,0.870822561,1.576276777,0.697336652,0.229952598,1.35251884
252,0.00737,0.000318182,0.0000109,0.119756212,1.170740259,1.775604765,0.728907087,1.758686186,2.384986842,0.186242632,0.838585243,3.053780728,1.094128664,0.471826824,1.325399491,0.090047131,0.901723405,2.231882374,0.724506853,0.390061791,1.558850116
253,0.00737,0.000318182,0.0003739,0.119756212,1.170740259,1.775604765,0.728907087,1.758686186,2.384986842,0.207488811,0.838585243,2.87899611,1.071491208,0.546997703,1.36011952,0.052465109,0.870822561,0.537755038,0.30442973,0.229455481,1.370021461
254,0.00737,0.000318182,0.0007369,0.119756212,1.170740259,1.775604765,0.728907087,1.758686186,2.384986842,0.19788837,0.810527641,2.730244418,1.053633582,0.544146535,1.3588456,0.060256129,0.869773204,0.581360375,0.326324787,0.22557738,1.3798178
255,0.00737,0.000318182,0.0010999,0.119756212,1.170740259,1.775604765,0.728907087,1.758686186,2.384986842,0.208129838,0.810527641,2.593661003,1.030743786,0.625855024,1.389015771,0.052130431,0.869773204,0.549079416,0.301094438,0.232109169,1.407635248
256,0.00737,0.000418182,0.0000109,0.119756212,1.170740259,1.775604765,0.728907087,1.758686186,2.384986842,0.17440155,0.840620783,2.54152881,1.007492193,0.339085033,1.272366428,0.108243389,0.934655828,1.4236629,0.839483989,0.486987211,1.799777456
257,0.00737,0.000418182,0.0003739,0.119756212,1.170740259,1.775604765,0.728907087,1.758686186,2.384986842,0.175482632,0.839602487,2.393317776,0.989411844,0.386939935,1.306783497,0.09471846,0.870822561,2.103892167,1.031692364,0.258184725,1.424309523
258,0.00737,0.000418182,0.0007369,0.119756212,1.170740259,1.775604765,0.728907087,1.758686186,2.384986842,0.195706014,0.810527641,2.245631794,0.971789052,0.435884186,1.30851893,0.093242861,0.870822561,1.6917974,0.864420889,0.265764313,1.447898551
259,0.00737,0.000418182,0.0010999,0.119756212,1.170740259,1.775604765,0.728907087,1.758686186,2.384986842,0.195515572,0.811515643,2.121348448,0.948731061,0.487476635,1.339395427,0.069974696,0.870822561,1.320591864,0.714218262,0.259073515,1.456496979
260,0.00737,0.000518182,0.0000109,0.119756212,1.170740259,1.775604765,0.728907087,1.758686186,2.384986842,0.206462022,0.839602487,2.206613449,0.957457906,0.586620082,1.406756882,0.080059602,0.871872993,0.828215656,0.424673048,0.278784075,1.485588529
261,0.00737,0.000518182,0.0003739,0.119756212,1.170740259,1.775604765,0.728907087,1.758686186,2.384986842,0.20675714,0.839602487,2.690970658,1.340943827,0.666343558,1.447668915,0.092502308,0.869773204,1.718701384,0.875413617,0.293922344,1.580305535
262,0.00737,0.000518182,0.0007369,0.119756212,1.170740259,1.775604765,0.728907087,1.758686186,2.384986842,0.207192999,0.838585243,3.095469676,1.675944783,0.727456294,1.475426102,0.09282904,0.86872492,1.778254785,0.881034045,0.302695721,1.591930941
263,0.00737,0.000518182,0.0010999,0.119756212,1.170740259,1.775604765,0.728907087,1.758686186,2.384986842,0.207631769,0.838585243,3.540939479,1.996140092,0.79473856,1.499203268,0.086345966,0.86872492,1.870693915,0.923026786,0.299031552,1.575348825
264,0.00737,0.000618182,0.0000109,0.119756212,1.170740259,1.775604765,0.728907087,1.758686186,2.384986842,0.218400659,0.869563641,2.513264948,0.993489886,0.684366271,1.400044427,0.109775274,1.038287405,1.451902796,0.907278877,1.054101751,2.576761539
265,0.00737,0.000618182,0.0003739,0.119756212,1.170740259,1.775604765,0.728907087,1.758686186,2.384986842,0.218158964,0.840620783,2.962670846,1.416413499,0.718292242,1.40280413,0.076754192,0.869773204,1.297188822,0.667638285,0.304352808,1.577175768
266,0.00737,0.000618182,0.0007369,0.119756212,1.170740259,1.775604765,0.728907087,1.758686186,2.384986842,0.218297661,0.839602487,3.340355411,1.689362485,0.757246498,1.419993458,0.076747937,0.86872492,1.396898686,0.716693007,0.315038109,1.597964144
267,0.00737,0.000618182,0.0010999,0.119756212,1.170740259,1.775604765,0.728907087,1.758686186,2.384986842,0.218509141,0.840620783,3.794198724,1.961219666,0.806556684,1.43659494,0.092628173,0.839805888,1.443308483,0.74118488,0.061034349,0.634513898
268,0.00737,0.000718182,0.0000109,0.119756212,1.170740259,1.775604765,0.728907087,1.758686186,2.384986842,0.208918387,0.869563641,3.458705146,1.790090988,0.59333763,1.357494283,0.044891668,0.869773204,0.50508613,0.283798907,0.274673629,1.514472703
269,0.00737,0.000718182,0.0003739,0.119756212,1.170740259,1.775604765,0.728907087,1.758686186,2.384986842,0.208918387,0.869563641,3.652305361,1.864270299,0.599088296,1.364778742,0.084713409,0.86872492,1.615423516,0.813958501,0.316124942,1.6030337
270,0.00737,0.000718182,0.0007369,0.119756212,1.170740259,1.775604765,0.728907087,1.758686186,2.384986842,0.237012113,0.840620783,3.877892965,2.029192968,0.592733468,1.321942989,0.092749773,0.86872492,1.729689167,0.861697877,0.3163689,1.607436571
271,0.00737,0.000718182,0.0010999,0.119756212,1.170740259,1.775604765,0.728907087,1.758686186,2.384986842,0.237240621,0.840620783,4.19615055,2.074678506,0.627949064,1.341081122,0.092612212,0.869773204,1.77461076,0.879764214,0.321977549,1.621303087
272,0.00737,0.000818182,0.0000109,0.119756212,1.170740259,1.775604765,0.728907087,1.758686186,2.384986842,0.196815103,0.869563641,1.40689642,0.697077938,0.356164101,1.067845962,0.108498024,0.970884478,1.340594306,0.877408898,0.619604098,2.058463924
273,0.00737,0.000818182,0.0003739,0.119756212,1.170740259,1.775604765,0.728907087,1.758686186,2.384986842,0.196996454,0.869563641,1.541037577,0.684492382,0.452145416,1.13173217,0.0613368,0.870822561,1.000088726,0.532866254,0.270584068,1.505424548
274,0.00737,0.000818182,0.0007369,0.119756212,1.170740259,1.775604765,0.728907087,1.758686186,2.384986842,0.206912163,0.839602487,1.69743572,0.716814194,0.459946196,1.115049187,0.075800381,0.869773204,1.087621325,0.578850235,0.288188108,1.533525314
275,0.00737,0.000818182,0.0010999,0.119756212,1.170740259,1.775604765,0.728907087,1.758686186,2.384986842,0.20715988,0.840620783,2.025593293,0.993239684,0.528526098,1.158699236,0.076158972,0.869773204,1.192571712,0.626875586,0.297601202,1.55964629
276,0.00737,0.000918182,0.0000109,0.119756212,1.170740259,1.775604765,0.728907087,1.758686186,2.384986842,0.208918387,0.839602487,8.393556335,4.580866087,0.879505142,1.541115685,0.070898898,0.934655828,1.570272358,0.739256783,0.360873961,1.309046677
277,0.00737,0.000918182,0.0003739,0.119756212,1.170740259,1.775604765,0.728907087,1.758686186,2.384986842,0.208918387,0.869563641,9.304446856,4.980427758,0.972693288,1.651010544,0.104523279,0.936886644,1.688019317,0.735255385,0.254248277,0.859773976
278,0.00737,0.000918182,0.0007369,0.119756212,1.170740259,1.775604765,0.728907087,1.758686186,2.384986842,0.221377747,2.906793344,4.115937228,1.659942407,0.164636144,1.447781078,0.120960582,3.591653524,4.247275738,1.926985716,1.124489006,2.019215816
279,0.00737,0.000918182,0.0010999,0.119756212,1.170740259,1.775604765,0.728907087,1.758686186,2.384986842,0.208918387,0.869563641,8.970632897,4.839084461,0.965604614,1.648074855,0.125455229,1.005896893,2.022394784,0.865831849,0.785575907,1.366429899
280,0.00858,1.81818E-05,0.0000109,0.119756452,1.170740259,1.776625162,0.729144554,1.754010562,2.380821166,0.208918387,1.464116514,6.703056632,2.709312843,1.333521307,2.279327128,0.082901973,0.809737816,1.649101678,0.964747391,0.41703861,0.975677599
281,0.00858,1.81818E-05,0.0003739,0.119756452,1.170740259,1.776625162,0.729144554,1.754010562,2.380821166,0.208918387,1.95975965,6.696942302,2.709403543,0.486235604,1.404221798,0.106159167,0.791951412,6.178482061,2.151981208,0.304445203,1.460070681
282,0.00858,1.81818E-05,0.0007369,0.125860559,1.790555511,2.053804964,0.855586929,0.417101185,1.893080967,0.19444668,2.703018046,1.081700841,0.693165893,0.327141962,0.989359979,0.120467747,5.303987391,4.213911955,1.901534558,0.735798081,2.47967256
283,0.00858,1.81818E-05,0.0010999,0.125860559,1.790555511,2.053804964,0.855586929,0.417101185,1.893080967,0.208918387,0.859131099,6.781180349,2.726256203,0.788216141,1.951096323,0.116828811,0.840824395,3.267720217,1.127166494,0.302329225,1.532341315
284,0.00858,0.000118182,0.0000109,0.119756452,1.170740259,1.776625162,0.729144554,1.754010562,2.380821166,0.208918387,1.462534733,6.702753328,2.709312653,1.333552199,2.24106315,0.108890509,0.839805888,1.972114796,1.132343703,0.42315979,0.938094901
285,0.00858,0.000118182,0.0003739,0.119756452,1.170740259,1.776625162,0.729144554,1.754010562,2.380821166,0.208918387,1.326659524,6.704447308,2.709297756,1.563783533,2.193025837,0.129846818,1.114584429,2.974990542,1.363501834,1.965161426,2.521053742
286,0.00858,0.000118182,0.0007369,0.119756452,1.170740259,1.776625162,0.729144554,1.754010562,2.380821166,0.208918387,1.326659524,6.704388043,2.709297756,1.590350336,2.172065599,0.125455229,1.117160011,2.664560549,1.193559071,1.380482972,2.39381619
287,0.00858,0.000118182,0.0010999,0.119756452,1.170740259,1.776625162,0.729144554,1.754010562,2.380821166,0.208918387,0.825657152,6.777803474,2.728733033,0.7368681,1.978549031,0.125455229,1.114584429,3.004611385,1.349854337,1.700523655,2.493634944
288,0.00858,0.000218182,0.0000109,0.119756452,1.170740259,1.776625162,0.729144554,1.754010562,2.380821166,0.208918387,1.940677086,6.697208121,2.70939825,0.581954064,1.618173125,0.0856273,0.809737816,1.986181975,1.071720957,0.30651323,0.820527587
289,0.00858,0.000218182,0.0003739,0.119756452,1.170740259,1.776625162,0.729144554,1.754010562,2.380821166,0.208918387,1.940677086,6.697208121,2.70939825,0.581954064,1.618173125,0.125455229,1.08027606,2.960591186,1.261501767,0.80580348,1.706633081
290,0.00858,0.000218182,0.0007369,0.119756452,1.170740259,1.776625162,0.729144554,1.754010562,2.380821166,0.208918387,1.940677086,6.697208121,2.70939825,0.581954064,1.618173125,0.120195356,1.153716896,2.664491531,1.253008761,2.325226151,2.620900713
291,0.00858,0.000218182,0.0010999,0.119756452,1.170740259,1.776625162,0.729144554,1.754010562,2.380821166,0.208918387,1.940677086,6.697208121,2.70939825,0.581954064,1.618173125,0.120195206,1.153716896,2.672892159,1.256576896,2.323451166,2.621180514
292,0.00858,0.000318182,0.0000109,0.119756452,1.170740259,1.776625162,0.729144554,1.754010562,2.380821166,0.209489267,2.571088665,1.5988238,0.644418518,0.283977873,0.976333984,0.120838116,6.3619376,4.16596413,1.909062342,1.158609984,2.088340098
293,0.00858,0.000318182,0.0003739,0.119756452,1.170740259,1.776625162,0.729144554,1.754010562,2.380821166,0.208918387,1.37590863,6.703878662,2.709302867,1.461800173,2.16404025,0.065590176,0.871872993,4.704793143,1.519940936,0.360532114,1.602904853
294,0.00858,0.000318182,0.0007369,0.119756452,1.170740259,1.776625162,0.729144554,1.754010562,2.380821166,0.195865232,2.44583889,7.066095604,2.195986546,0.453238357,1.335022884,0.124455928,4.760465908,4.020866488,1.8376047,0.114808646,0.916167054
295,0.00858,0.000318182,0.0010999,0.119756452,1.170740259,1.776625162,0.729144554,1.754010562,2.380821166,0.208918387,1.381968827,6.703802719,2.709303518,1.440412543,2.169445878,0.057645862,0.794859858,4.411905265,1.33622246,0.216479799,1.372975711
296,0.00858,0.000418182,0.0000109,0.12564286,1.816038841,2.057458957,0.855568915,0.529297054,2.168886894,0.217496584,2.703018046,4.299687075,2.221552049,0.589057863,1.240819831,0.120482326,6.599993477,5.510509796,2.189898724,0.673332581,1.745114961
297,0.00858,0.000418182,0.0003739,0.12564286,1.816038841,2.057458957,0.855568915,0.529297054,2.168886894,0.195417632,2.571088665,5.167154284,1.825479634,0.198319998,0.883915847,0.124684127,3.115941025,4.15736427,1.890422964,0.732436244,2.412012821
298,0.00858,0.000418182,0.0007369,0.119756452,1.170740259,1.776625162,0.729144554,1.754010562,2.380821166,0.208918387,1.93307449,6.697308666,2.709396203,0.656338217,1.740111726,0.065304968,0.884349541,2.178652171,0.734466931,0.116435682,0.783508739
299,0.00858,0.000418182,0.0010999,0.119756452,1.170740259,1.776625162,0.729144554,1.754010562,2.380821166,0.208918387,1.93307449,6.697308666,2.709396203,0.656338217,1.740111726,0.104125596,0.950139222,1.20018326,0.429100034,0.341054872,0.924322344
300,0.00858,0.000518182,0.0000109,0.119756452,1.170740259,1.776625162,0.729144554,1.754010562,2.380821166,0.207408076,2.700801656,4.820574813,2.175575802,0.458666303,1.209520376,0.12075235,2.652185851,4.228066517,1.926740987,0.673503655,2.937643045
301,0.00858,0.000518182,0.0003739,0.119756452,1.170740259,1.776625162,0.729144554,1.754010562,2.380821166,0.195500738,2.573268858,4.442689617,1.629916335,0.327067261,0.873163874,0.123806088,3.173104072,4.163989238,1.898915073,0.582950364,2.091707594
302,0.00858,0.000518182,0.0007369,0.119756452,1.170740259,1.776625162,0.729144554,1.754010562,2.380821166,0.208918387,1.566227452,6.701771954,2.709325972,1.668382543,2.388953876,0.088517828,0.869773204,0.84068269,0.350822265,0.291128642,1.426241896
303,0.00858,0.000518182,0.0010999,0.119756452,1.170740259,1.776625162,0.729144554,1.754010562,2.380821166,0.221344661,1.210310113,5.997050825,2.417866552,0.594875328,1.669859553,0.087860005,0.870822561,0.647879265,0.270773394,0.10390505,0.74895462
304,0.00858,0.000618182,0.0000109,0.119756452,1.170740259,1.776625162,0.729144554,1.754010562,2.380821166,0.208918387,1.462534733,6.702292082,2.709312653,1.09450486,2.229009745,0.120483037,1.053937171,3.404426597,1.570276431,0.832531312,2.191090198
305,0.00858,0.000618182,0.0003739,0.119756452,1.170740259,1.776625162,0.729144554,1.754010562,2.380821166,0.208918387,1.462534733,6.702216721,2.709312653,1.161530288,2.135504705,0.125455229,1.114584429,2.979761994,1.392824046,1.942107589,2.363481314
306,0.00858,0.000618182,0.0007369,0.119756452,1.170740259,1.776625162,0.729144554,1.754010562,2.380821166,0.208918387,1.462534733,6.702213324,2.709312653,1.169023396,2.124914343,0.125455229,1.114584429,2.936485404,1.375787688,1.969150129,2.425176185
307,0.00858,0.000618182,0.0010999,0.119756452,1.170740259,1.776625162,0.729144554,1.754010562,2.380821166,0.208918387,1.462534733,6.702213343,2.709312653,1.168990175,2.124959987,0.129653611,1.114584429,2.895235407,1.34076866,1.845161985,2.355360077
308,0.00858,0.000718182,0.0000109,0.119756452,1.170740259,1.776625162,0.729144554,1.754010562,2.380821166,0.237208154,2.012207232,5.615606724,2.312985331,1.949602884,1.920122172,0.125455229,3.62572742,4.235723339,1.91702813,0.288898293,1.385089758
309,0.00858,0.000718182,0.0003739,0.119756452,1.170740259,1.776625162,0.729144554,1.754010562,2.380821166,0.221352,3.106804314,5.105527199,2.078308395,0.719761684,1.606379931,0.120900134,2.293985092,4.176504575,1.920721505,1.762699827,2.883461189
310,0.00858,0.000718182,0.0007369,0.119756452,1.170740259,1.776625162,0.729144554,1.754010562,2.380821166,0.221357032,3.109088219,5.076281724,2.070907099,0.725571651,1.64513708,0.12021921,6.232218933,4.181015643,1.910026324,0.490383372,1.80817956
311,0.00858,0.000718182,0.0010999,0.119756452,1.170740259,1.776625162,0.729144554,1.754010562,2.380821166,0.221398029,3.109088219,5.030507755,2.030740947,0.683163627,1.711545312,0.120761394,4.165268608,4.207422074,1.907194856,1.295649654,2.922028637
312,0.00858,0.000818182,0.0000109,0.115069822,1.170740259,1.825799779,0.752697424,1.87962844,2.659281741,0.199709703,0.824654387,4.717984534,1.675124872,0.393913786,1.304430026,0.125455229,4.270969509,4.245227298,1.926824481,3.022566417,3.003632104
313,0.00858,0.000818182,0.0003739,0.119756452,1.170740259,1.776625162,0.729144554,1.754010562,2.380821166,0.2212704,1.781508912,5.463078685,2.26324512,2.089664532,2.17789968,0.12015117,3.9702564,4.194687098,1.919729236,1.133578159,2.09831401
314,0.00858,0.000818182,0.0007369,0.119756452,1.170740259,1.776625162,0.729144554,1.754010562,2.380821166,0.221270264,1.781508912,5.489800693,2.272282357,2.116651605,2.180245515,0.123898778,3.287624863,4.129995713,1.877509181,0.422604831,1.357987184
315,0.00858,0.000818182,0.0010999,0.119756452,1.170740259,1.776625162,0.729144554,1.754010562,2.380821166,0.221264105,1.83253928,5.40804153,2.219875064,1.886709636,1.955267192,0.120181944,3.393016825,4.155986714,1.887107644,0.433257316,1.780138109
316,0.00858,0.000918182,0.0000109,0.119756452,1.170740259,1.776625162,0.729144554,1.754010562,2.380821166,0.221104704,2.010265084,5.50529517,2.255570347,2.099134924,1.982743217,0.120978873,4.209911136,4.25193009,1.919608505,0.944592447,2.015615073
317,0.00858,0.000918182,0.0003739,0.119756452,1.170740259,1.776625162,0.729144554,1.754010562,2.380821166,0.208918387,3.104520595,5.056323873,2.070641093,0.677797706,1.604502097,0.124222844,3.530167144,4.180174097,1.911539094,0.680630961,2.525622688
318,0.00858,0.000918182,0.0007369,0.119756452,1.170740259,1.776625162,0.729144554,1.754010562,2.380821166,0.208918387,3.104520595,5.042662444,2.066955967,0.662605056,1.58975433,0.120986038,3.493652055,4.197147591,1.918129381,1.354482856,2.589425274
319,0.00858,0.000918182,0.0010999,0.119756452,1.170740259,1.776625162,0.729144554,1.754010562,2.380821166,0.221385948,3.104520595,5.08418805,2.086604594,0.706927507,1.643051237,0.124211441,2.390512006,4.172834073,1.900478846,0.469790399,1.253756991
320,0.00979,1.81818E-05,0.0000109,0.11975703,1.170740259,1.777520086,0.729144554,1.74908766,2.378811261,0.198976957,0.80855474,4.755005566,1.65490739,0.346172306,1.149868368,0.102474277,0.901723405,1.965573512,0.960018792,0.497123981,1.952112254
321,0.00979,1.81818E-05,0.0003739,0.115069822,1.170740259,1.825799779,0.752697424,1.87962844,2.659281741,0.199709703,0.824654387,4.717984534,1.675124872,0.393913786,1.304430026,0.125455229,4.270969509,4.245227298,1.926824481,3.022566417,3.003632104
322,0.00979,1.81818E-05,0.0007369,0.11975703,1.170740259,1.777520086,0.729144554,1.74908766,2.378811261,0.195990232,0.794083206,4.192478516,1.413783707,0.470294497,1.249852381,0.068146067,0.839805888,1.260006098,0.413491216,0.224829849,1.370639883
323,0.00979,1.81818E-05,0.0010999,0.11975703,1.170740259,1.777520086,0.729144554,1.74908766,2.378811261,0.200138415,0.794083206,3.693000717,1.326126857,0.80511495,1.433203779,0.116082204,0.901723405,2.293805822,0.7431828,0.458099931,1.577280107
324,0.00979,0.000118182,0.0000109,0.11975703,1.170740259,1.777520086,0.729144554,1.74908766,2.378811261,0.223025417,0.792144857,4.702546624,1.643962784,0.24352072,1.075739603,0.090794696,0.901723405,2.081137343,0.928375934,0.494287011,1.970299407
325,0.00979,0.000118182,0.0003739,0.11975703,1.170740259,1.777520086,0.729144554,1.74908766,2.378811261,0.182764248,0.794083206,4.208535873,1.422267073,0.477010628,1.251511767,0.0761558,0.839805888,1.538531144,0.493656337,0.219208872,1.357440559
326,0.00979,0.000118182,0.0007369,0.11975703,1.170740259,1.777520086,0.729144554,1.74908766,2.378811261,0.19981808,0.794083206,3.791326979,1.331970676,0.597348132,1.338534066,0.101817245,0.871872993,2.041079157,0.725793547,0.305862781,1.38633415
327,0.00979,0.000118182,0.0010999,0.11975703,1.170740259,1.777520086,0.729144554,1.74908766,2.378811261,0.210369301,0.794083206,3.562328917,1.259068675,0.696746093,1.391566301,0.108853458,0.902805236,1.891241033,0.747530777,0.386463169,1.564098821
328,0.00979,0.000218182,0.0000109,0.11975703,1.170740259,1.777520086,0.729144554,1.74908766,2.378811261,0.209295741,0.79311352,4.040192346,1.339501295,0.243654179,1.157247307,0.08338169,0.839805888,1.262287358,0.428101353,0.216029266,1.324036071
329,0.00979,0.000218182,0.0003739,0.11975703,1.170740259,1.777520086,0.729144554,1.74908766,2.378811261,0.199945776,0.822651985,3.157303307,1.203150765,0.573071459,1.307950668,0.096088908,0.840824395,1.74623666,0.642360877,0.160442135,1.182769193
330,0.00979,0.000218182,0.0007369,0.11975703,1.170740259,1.777520086,0.729144554,1.74908766,2.378811261,0.190787905,0.822651985,2.990584189,1.189391447,0.589015043,1.336250562,0.082302823,0.869773204,0.544063122,0.277715424,0.243770295,1.448564208
331,0.00979,0.000218182,0.0010999,0.11975703,1.170740259,1.777520086,0.729144554,1.74908766,2.378811261,0.199595991,0.794083206,3.157556503,1.222249883,0.476147099,1.366695061,0.099829269,0.934655828,1.382534944,0.853354128,0.49197558,1.772106794
332,0.00979,0.000318182,0.0000109,0.11975703,1.170740259,1.777520086,0.729144554,1.74908766,2.378811261,0.207702926,0.79311352,3.426401078,1.266401388,0.235517264,1.134599829,0.11669068,0.90388816,2.221248908,0.791165166,0.409261257,1.546439154
333,0.00979,0.000318182,0.0003739,0.11975703,1.170740259,1.777520086,0.729144554,1.74908766,2.378811261,0.208918387,0.821652349,2.812206855,1.174119322,0.613733258,1.269221646,0.093942309,0.870822561,2.042490886,0.976573923,0.257791453,1.458262945
334,0.00979,0.000318182,0.0007369,0.11975703,1.170740259,1.777520086,0.729144554,1.74908766,2.378811261,0.208918387,0.821652349,2.803959904,1.138637189,0.748686926,1.364220118,0.090616683,0.869773204,0.809394138,0.301909364,0.283674001,1.528209264
335,0.00979,0.000318182,0.0010999,0.11975703,1.170740259,1.777520086,0.729144554,1.74908766,2.378811261,0.208918387,0.821652349,3.025605596,1.413404204,0.806857613,1.413714542,0.091193725,0.869773204,1.136410985,0.500210739,0.282711795,1.530809374
336,0.00979,0.000418182,0.0000109,0.11975703,1.170740259,1.777520086,0.729144554,1.74908766,2.378811261,0.170026867,0.80855474,3.823084073,1.30083627,0.391662127,1.394670199,0.098876972,0.901723405,1.932176487,0.781179817,0.420918618,1.587159984
337,0.00979,0.000418182,0.0003739,0.11975703,1.170740259,1.777520086,0.729144554,1.74908766,2.378811261,0.183329594,0.80855474,3.75161563,1.291773119,0.410302545,1.404659913,0.092393971,0.901723405,1.854899405,0.793274651,0.416889815,1.584677317
338,0.00979,0.000418182,0.0007369,0.11975703,1.170740259,1.777520086,0.729144554,1.74908766,2.378811261,0.183321508,0.80855474,3.718155046,1.287241544,0.415955487,1.409688009,0.092245628,0.901723405,1.775370645,0.80842313,0.410079923,1.585179049
339,0.00979,0.000418182,0.0010999,0.11975703,1.170740259,1.777520086,0.729144554,1.74908766,2.378811261,0.183736728,0.80855474,3.707423201,1.287241544,0.417933537,1.411362553,0.092417868,0.901723405,1.841902715,0.795815197,0.416370167,1.586244092
340,0.00979,0.000518182,0.0000109,0.11975703,1.170740259,1.777520086,0.729144554,1.74908766,2.378811261,0.222693841,0.809540674,3.651444003,1.230908201,0.326379034,1.274685948,0.09930298,0.870822561,1.51268126,0.529463831,0.298206517,1.336492546
341,0.00979,0.000518182,0.0003739,0.11975703,1.170740259,1.777520086,0.729144554,1.74908766,2.378811261,0.222708559,0.80855474,3.577044559,1.221870565,0.347042326,1.2888575,0.106690918,0.902805236,1.613256453,0.798936708,0.3752225,1.534066922
342,0.00979,0.000518182,0.0007369,0.11975703,1.170740259,1.777520086,0.729144554,1.74908766,2.378811261,0.222942721,0.80855474,3.53889611,1.21283293,0.378578472,1.306704355,0.09186503,0.902805236,1.58445834,0.802926145,0.369956729,1.53613944
343,0.00979,0.000518182,0.0010999,0.11975703,1.170740259,1.777520086,0.729144554,1.74908766,2.378811261,0.206968892,0.80855474,3.52321775,1.208314111,0.387842569,1.312126399,0.091846512,0.902805236,1.606084772,0.799433108,0.372545083,1.535413361
344,0.00979,0.000618182,0.0000109,0.11975703,1.170740259,1.777520086,0.729144554,1.74908766,2.378811261,0.195683732,0.809540674,3.641810391,1.222973129,0.292340575,1.24081192,0.075703854,0.934655828,1.384084951,0.905124206,0.497067424,1.770340683
345,0.00979,0.000618182,0.0003739,0.11975703,1.170740259,1.777520086,0.729144554,1.74908766,2.378811261,0.195683788,0.809540674,3.641810197,1.222973129,0.292349595,1.24081215,0.069405218,0.934655828,1.394150309,0.897942748,0.501106827,1.773203692
346,0.00979,0.000618182,0.0007369,0.11975703,1.170740259,1.777520086,0.729144554,1.74908766,2.378811261,0.195683788,0.809540674,3.641810197,1.222973129,0.292349595,1.24081215,0.069405218,0.934655828,1.394150309,0.897942748,0.501106827,1.773203692
347,0.00979,0.000618182,0.0010999,0.11975703,1.170740259,1.777520086,0.729144554,1.74908766,2.378811261,0.195683788,0.809540674,3.641810197,1.222973129,0.292349595,1.24081215,0.069405218,0.934655828,1.394150309,0.897942748,0.501106827,1.773203692
348,0.00979,0.000718182,0.0000109,0.11975703,1.170740259,1.777520086,0.729144554,1.74908766,2.378811261,0.195464078,0.792144857,3.838707752,1.286925032,0.198805266,1.030150328,0.109136121,0.871872993,2.117693076,0.787427433,0.317233274,1.481520696
349,0.00979,0.000718182,0.0003739,0.11975703,1.170740259,1.777520086,0.729144554,1.74908766,2.378811261,0.195586488,0.792144857,3.771325485,1.2778695,0.196819445,1.050008259,0.074370786,0.901723405,2.117856767,0.739784682,0.399186429,1.649069799
350,0.00979,0.000718182,0.0007369,0.11975703,1.170740259,1.777520086,0.729144554,1.74908766,2.378811261,0.195586382,0.792144857,3.771326626,1.2778695,0.196837444,1.050015112,0.081899147,0.901723405,2.149724482,0.749453291,0.4005878,1.651163234
351,0.00979,0.000718182,0.0010999,0.11975703,1.170740259,1.777520086,0.729144554,1.74908766,2.378811261,0.195586214,0.792144857,3.771276538,1.2778695,0.196816561,1.050008172,0.074423924,0.901723405,2.127297624,0.738712277,0.399291853,1.648877011
352,0.00979,0.000818182,0.0000109,0.11975703,1.170740259,1.777520086,0.729144554,1.74908766,2.378811261,0.181275982,0.810527641,3.918228741,1.325918666,0.311094381,1.203547121,0.116388965,0.901723405,2.276469253,0.842370526,0.505007272,1.854208706
353,0.00979,0.000818182,0.0003739,0.11975703,1.170740259,1.777520086,0.729144554,1.74908766,2.378811261,0.195270002,0.810527641,3.85348748,1.289079479,0.331874694,1.220137907,0.093893855,0.870822561,2.41656116,0.855500856,0.333643152,1.470115706
354,0.00979,0.000818182,0.0007369,0.11975703,1.170740259,1.777520086,0.729144554,1.74908766,2.378811261,0.195270031,0.810527641,3.85353954,1.289076286,0.331886793,1.220136781,0.096247372,0.870822561,2.52002497,0.894954999,0.336466786,1.480321181
355,0.00979,0.000818182,0.0010999,0.11975703,1.170740259,1.777520086,0.729144554,1.74908766,2.378811261,0.195269968,0.810527641,3.853498592,1.289075367,0.331879187,1.22013867,0.094285456,0.870822561,2.462972243,0.868412749,0.336581714,1.476311024
356,0.00979,0.000918182,0.0000109,0.11975703,1.170740259,1.777520086,0.729144554,1.74908766,2.378811261,0.195852166,0.792144857,3.784849256,1.273512328,0.166636621,0.881648255,0.109959738,0.902805236,2.648792263,0.960536188,0.459312405,1.695894526
357,0.00979,0.000918182,0.0003739,0.11975703,1.170740259,1.777520086,0.729144554,1.74908766,2.378811261,0.209111961,0.792144857,3.670341137,1.250872988,0.173549856,0.923747367,0.082126945,0.934655828,1.676967951,0.872453079,0.628810494,1.847939233
358,0.00979,0.000918182,0.0007369,0.11975703,1.170740259,1.777520086,0.729144554,1.74908766,2.378811261,0.209112004,0.792144857,3.670318912,1.250872988,0.173533907,0.923750152,0.082149791,0.934655828,1.701268861,0.865542073,0.633366173,1.851787234
359,0.00979,0.000918182,0.0010999,0.11975703,1.170740259,1.777520086,0.729144554,1.74908766,2.378811261,0.209112047,0.792144857,3.670314701,1.250872988,0.173527063,0.923746084,0.082173545,0.934655828,1.694123008,0.868068611,0.632496791,1.850916621
360,0.011,1.81818E-05,0.0000109,0.119757609,1.170740259,1.778173972,0.729331737,1.748826014,2.380643093,0.198861461,0.838585243,4.37365422,1.579378849,0.321596769,1.369613607,0.117749952,0.902805236,2.197265447,0.793521944,0.446666971,1.744359865
361,0.011,1.81818E-05,0.0003739,0.119757609,1.170740259,1.778173972,0.729331737,1.748826014,2.380643093,0.209528722,0.809540674,4.149974984,1.538144137,0.202205614,1.09229825,0.095462232,0.934655828,1.987488577,0.745876592,0.586188665,1.892287224
362,0.011,1.81818E-05,0.0007369,0.119757609,1.170740259,1.778173972,0.729331737,1.748826014,2.380643093,0.20877083,0.80855474,3.615269888,1.194241375,0.736003799,1.335470924,0.117827212,0.901723405,2.432802237,0.826245903,0.463770473,1.688429655
363,0.011,1.81818E-05,0.0010999,0.119757609,1.170740259,1.778173972,0.729331737,1.748826014,2.380643093,0.197535723,0.80855474,3.428366651,1.184354447,0.685887715,1.351854161,0.11464105,0.968586555,1.462839094,1.035925595,0.672521997,1.989605885
364,0.011,0.000118182,0.0000109,0.119757609,1.170740259,1.778173972,0.729331737,1.748826014,2.380643093,0.209610236,0.810527641,4.337797451,1.573692459,0.198898189,1.048487938,0.108067757,0.902805236,1.828259689,0.857583793,0.425773307,1.709685999
365,0.011,0.000118182,0.0003739,0.119757609,1.170740259,1.778173972,0.729331737,1.748826014,2.380643093,0.19624175,0.79311352,3.470411648,1.1728247,0.623372596,1.280201981,0.077670927,0.935770681,1.360290928,0.831487157,0.475727529,1.765173499
366,0.011,0.000118182,0.0007369,0.119757609,1.170740259,1.778173972,0.729331737,1.748826014,2.380643093,0.197935007,0.80855474,3.351296348,1.163288343,0.704045091,1.359596701,0.101746257,0.934655828,1.73094465,0.784555615,0.566991384,1.818813688
367,0.011,0.000118182,0.0010999,0.119757609,1.170740259,1.778173972,0.729331737,1.748826014,2.380643093,0.207484245,0.80855474,3.165387832,1.123751472,0.814826136,1.405068562,0.117233971,1.003530875,1.438437099,1.008997066,0.874665029,2.261010941
368,0.011,0.000218182,0.0000109,0.119757609,1.170740259,1.778173972,0.729331737,1.748826014,2.380643093,0.185765454,0.80855474,3.335972749,1.177873331,0.324722402,1.259954951,0.069217475,0.81072499,1.285611086,0.457953255,0.155070099,1.055441525
369,0.011,0.000218182,0.0003739,0.119757609,1.170740259,1.778173972,0.729331737,1.748826014,2.380643093,0.207706529,0.79311352,2.5901484,1.072337844,0.721590416,1.400486865,0.100361978,0.841843958,2.161253712,0.861186004,0.181537782,1.259715966
370,0.011,0.000218182,0.0007369,0.119757609,1.170740259,1.778173972,0.729331737,1.748826014,2.380643093,0.208918387,0.794083206,2.647947202,1.07216418,0.895670467,1.463332889,0.052218126,0.870822561,0.719615762,0.32004168,0.254106095,1.474674135
371,0.011,0.000218182,0.0010999,0.119757609,1.170740259,1.778173972,0.729331737,1.748826014,2.380643093,0.208918387,0.79311352,3.461643893,1.960209808,0.996228342,1.519221652,0.098835219,0.86872492,1.101621279,0.431691448,0.295459302,1.558847055
372,0.011,0.000318182,0.0000109,0.119757609,1.170740259,1.778173972,0.729331737,1.748826014,2.380643093,0.207093483,0.80855474,2.952348347,1.145299966,0.253378165,1.226494931,0.092532019,0.934655828,1.626505184,0.743992115,0.501191643,1.759485466
373,0.011,0.000318182,0.0003739,0.119757609,1.170740259,1.778173972,0.729331737,1.748826014,2.380643093,0.207722653,0.792144857,2.410709874,1.073747215,0.558644577,1.330563816,0.098770364,0.902805236,1.43180865,0.808766558,0.346216856,1.633735017
374,0.011,0.000318182,0.0007369,0.119757609,1.170740259,1.778173972,0.729331737,1.748826014,2.380643093,0.208418228,0.79311352,2.32779771,1.037729513,0.633429816,1.380595598,0.051952811,0.869773204,0.620541451,0.389873007,0.254606292,1.46449659
375,0.011,0.000318182,0.0010999,0.119757609,1.170740259,1.778173972,0.729331737,1.748826014,2.380643093,0.200200014,0.79311352,2.643033793,1.119355469,0.711772696,1.425679038,0.090004675,0.869773204,0.642793874,0.286131041,0.253668248,1.472748994
376,0.011,0.000418182,0.0000109,0.119757609,1.170740259,1.778173972,0.729331737,1.748826014,2.380643093,0.221898331,0.809540674,2.780812154,1.099453325,0.338098452,1.214205347,0.088542377,0.935770681,1.588054365,0.771775743,0.523045305,1.788674491
377,0.011,0.000418182,0.0003739,0.119757609,1.170740259,1.778173972,0.729331737,1.748826014,2.380643093,0.207624681,0.820653756,2.320092925,0.954639979,0.88545443,1.746884146,0.078331829,0.809737816,1.251957285,0.527871971,0.388112451,1.143044993
378,0.011,0.000418182,0.0007369,0.119757609,1.170740259,1.778173972,0.729331737,1.748826014,2.380643093,0.21038973,0.915872565,3.287673872,2.089335536,2.150630066,3.135411464,0.09606204,0.838788434,1.048467321,0.608557945,0.064815621,0.715386376
379,0.011,0.000418182,0.0010999,0.119757609,1.170740259,1.778173972,0.729331737,1.748826014,2.380643093,0.207564066,0.791177214,2.570891876,1.017151861,0.708843748,1.34066476,0.124807151,1.076516922,1.743044684,1.047063005,1.312413102,2.606580543
380,0.011,0.000518182,0.0000109,0.119757609,1.170740259,1.778173972,0.729331737,1.748826014,2.380643093,0.186190062,0.810527641,3.102050219,1.144750671,0.222096953,1.107186027,0.114565683,0.934655828,1.686066468,0.843135614,0.590755899,1.8672327
381,0.011,0.000518182,0.0003739,0.119757609,1.170740259,1.778173972,0.729331737,1.748826014,2.380643093,0.186184615,0.810527641,3.102003836,1.144361654,0.221987183,1.107301831,0.114395722,0.934655828,1.589623027,0.86563565,0.573431251,1.848360964
382,0.011,0.000518182,0.0007369,0.119757609,1.170740259,1.778173972,0.729331737,1.748826014,2.380643093,0.186184615,0.810527641,3.102003836,1.144361654,0.221987183,1.107301831,0.114395722,0.934655828,1.589623027,0.86563565,0.573431251,1.848360964
383,0.011,0.000518182,0.0010999,0.119757609,1.170740259,1.778173972,0.729331737,1.748826014,2.380643093,0.186184615,0.810527641,3.102003836,1.144361654,0.221987183,1.107301831,0.114395722,0.934655828,1.589623027,0.86563565,0.573431251,1.848360964
384,0.011,0.000618182,0.0000109,0.119757609,1.170740259,1.778173972,0.729331737,1.748826014,2.380643093,0.194853561,0.810527641,3.419643284,1.187242257,0.176516338,1.019086793,0.108500381,0.902805236,1.691392366,0.828501354,0.407959158,1.582455807
385,0.011,0.000618182,0.0003739,0.119757609,1.170740259,1.778173972,0.729331737,1.748826014,2.380643093,0.19485388,0.810527641,3.41968471,1.187242257,0.176480107,1.019087918,0.108599033,0.902805236,1.704954155,0.824165859,0.408433664,1.580991928
386,0.011,0.000618182,0.0007369,0.119757609,1.170740259,1.778173972,0.729331737,1.748826014,2.380643093,0.19485388,0.810527641,3.41968471,1.187242257,0.176480107,1.019087918,0.108599033,0.902805236,1.704954155,0.824165859,0.408433664,1.580991928
387,0.011,0.000618182,0.0010999,0.119757609,1.170740259,1.778173972,0.729331737,1.748826014,2.380643093,0.19485388,0.810527641,3.41968471,1.187242257,0.176480107,1.019087918,0.108599033,0.902805236,1.704954155,0.824165859,0.408433664,1.580991928
388,0.011,0.000718182,0.0000109,0.119757609,1.170740259,1.778173972,0.729331737,1.748826014,2.380643093,0.174100827,0.839602487,2.860987764,1.070481049,0.29720936,1.234487385,0.127109816,0.902805236,3.119613153,1.173019372,0.458508734,1.692599279
389,0.011,0.000718182,0.0003739,0.119757609,1.170740259,1.778173972,0.729331737,1.748826014,2.380643093,0.174074223,0.839602487,2.790442816,1.055338005,0.322105834,1.254602445,0.126570381,0.902805236,2.839672608,1.054081531,0.446119205,1.670121923
390,0.011,0.000718182,0.0007369,0.119757609,1.170740259,1.778173972,0.729331737,1.748826014,2.380643093,0.174074223,0.839602487,2.790442816,1.055338005,0.322105834,1.254602445,0.126570381,0.902805236,2.839672608,1.054081531,0.446119205,1.670121923
391,0.011,0.000718182,0.0010999,0.115069822,1.170740259,1.825799779,0.752697424,1.87962844,2.659281741,0.199709703,0.824654387,4.717984534,1.675124872,0.393913786,1.304430026,0.125455229,4.270969509,4.245227298,1.926824481,3.022566417,3.003632104
392,0.011,0.000818182,0.0000109,0.119757609,1.170740259,1.778173972,0.729331737,1.748826014,2.380643093,0.20847817,0.810527641,3.099077911,1.130718713,0.163787997,0.995388028,0.126950188,0.902805236,3.118516095,1.246911974,0.434460541,1.720504598
393,0.011,0.000818182,0.0003739,0.119757609,1.170740259,1.778173972,0.729331737,1.748826014,2.380643093,0.208489102,0.810527641,3.085440536,1.124752609,0.166725087,1.001948234,0.127097237,0.902805236,3.199352422,1.276278967,0.442442359,1.736794535
394,0.011,0.000818182,0.0007369,0.119757609,1.170740259,1.778173972,0.729331737,1.748826014,2.380643093,0.208489102,0.810527641,3.085440536,1.124752609,0.166725087,1.001948234,0.127097237,0.902805236,3.199352422,1.276278967,0.442442359,1.736794535
395,0.011,0.000818182,0.0010999,0.119757609,1.170740259,1.778173972,0.729331737,1.748826014,2.380643093,0.208489102,0.810527641,3.085440536,1.124752609,0.166725087,1.001948234,0.127097237,0.902805236,3.199352422,1.276278967,0.442442359,1.736794535
396,0.011,0.000918182,0.0000109,0.119757609,1.170740259,1.778173972,0.729331737,1.748826014,2.380643093,0.207192486,0.809540674,2.650310027,1.081853164,0.213267666,1.094044387,0.114669507,0.934655828,1.439086804,0.784525856,0.470556171,1.777502456
397,0.011,0.000918182,0.0003739,0.119757609,1.170740259,1.778173972,0.729331737,1.748826014,2.380643093,0.207192531,0.809540674,2.650113959,1.081459203,0.213507573,1.094310066,0.114936319,0.934655828,1.456106828,0.783560606,0.473977271,1.780815175
398,0.011,0.000918182,0.0007369,0.119757609,1.170740259,1.778173972,0.729331737,1.748826014,2.380643093,0.207192531,0.809540674,2.650113959,1.081459203,0.213507573,1.094310066,0.114936319,0.934655828,1.456106828,0.783560606,0.473977271,1.780815175
