5.828161361924808631e-02,5.744214322785869131e-02,-2.714559681485427256e-01,4.879561413277588161e-02,9.473462512409615288e-02,-5.929987617738199240e-02,1.493191568218384981e-02,-5.719112136153994830e-02,9.542565875279223481e-03,1.872258343256191435e-02,-1.391608100968278194e-01,-4.996319357674357253e-02,-5.562175190198955649e-02,1.074848069905371822e-01,4.828821745015393629e-02,-6.180006082050849663e-03,5.939075228847126575e-02,-6.059948162224854801e-02,1.505971933339231121e-02,6.883909238863041014e-02,6.724580050451434664e-03,-3.427877577022930833e-02,-8.165931713053593832e-02,-8.882708765606464607e-02,5.491109673422157889e-02,3.499341583079123436e-02,-6.636022963378819528e-02,-1.931943009931253452e-01,6.986208140643752895e-02,-1.622593928476253611e-01,6.331186204597002466e-03,2.113405035277758984e-02,-6.796126813547292977e-02,-1.181364867082171713e-02,-4.351636950619564167e-04,2.185762566847608557e-02,1.181248375259489475e-02,1.121358974625514815e-01,3.735640561445720265e-02,-4.002247687779170865e-03,-9.699871422529942125e-03,-4.355439259438650956e-02,-5.852406467397201772e-03,1.824218698942901493e-02,-7.192716540195642771e-02,-2.238083323259453666e-02,-4.827314255321646375e-02,5.365861688613619146e-02,1.974430003589188951e-02,5.351404102143762775e-02
9.131040389575102723e-02,1.317359012168301501e-02,-6.373141936044865452e-02,-6.403653253279870117e-02,2.200930772178763886e-02,2.282106570414280805e-02,-9.711821295372158325e-02,-2.355837317013768917e-03,-4.111415419521270015e-02,2.907893737757008198e-02,-3.178749732526926775e-02,-8.137489193294447642e-02,-1.310979339724079561e-02,-5.135646664335045269e-02,6.047199136715056267e-02,-1.342748687940484575e-01,-1.012786034810752300e-01,8.410926747611242871e-02,2.151803965081060255e-02,-6.174271077223483090e-02,3.088331400332173376e-02,-2.443562562909110461e-02,2.773027122111840909e-02,-1.747339442741281113e-01,-3.417821708922692131e-02,-6.425096571307109539e-02,1.081682982670305881e-01,-9.809554367736143810e-02,4.028078391503711435e-03,1.565929950844665783e-02,-5.595737299203198262e-02,-3.986501031517597493e-02,-1.255986760991341378e-01,1.408504397280447018e-01,-1.399162494350192874e-02,-6.405345599760416120e-02,-7.744785215439238535e-02,-6.497050689553908465e-02,-7.149341415539198219e-02,7.550893708859121936e-03,-1.002005485500129245e-01,-3.590468639824220820e-02,6.140773483886832924e-03,-5.523227565642713222e-02,-9.443991750554625586e-02,-1.962825403050815765e-01,-5.219834384753877649e-02,-6.118884496780390043e-03,1.284292344108159123e-01,1.591100759718423185e-01
-2.826841223078747911e-02,-2.481040947511242364e-02,-4.978364505062887746e-02,3.174969048415699630e-02,-7.867418441745377411e-02,-4.902207581479826187e-02,-7.539381192870460435e-02,-7.921064808703295879e-02,-7.471788766064314802e-02,-9.584752568773642623e-02,1.314683439103510321e-01,-3.108194469184353062e-02,-9.660924186988302520e-02,6.937639693452318790e-02,-2.780313644527614408e-03,-1.693934181021039265e-01,-2.542995766848960004e-02,-5.263006764254810760e-02,-1.498030717100471976e-01,-9.159197178235375936e-02,2.223408031147788150e-02,5.104940709970898910e-02,7.926318030970141981e-02,-1.173134464463399529e-01,-2.038454712500406829e-01,-2.050900082739012462e-02,-1.232372160457277793e-01,2.638970758999812684e-03,4.354472300857927664e-02,-1.309345556978410707e-01,-3.878650861596596305e-02,5.213614517890027833e-02,-1.644796045912673976e-01,-2.167229993465113677e-02,-6.913536884345786171e-02,-8.345665992078490913e-02,-2.992994688819881899e-02,-3.625651786322470760e-01,1.001523013477555873e-01,-1.390364311362977390e-01,-1.255021689024824194e-01,-3.509917125522332149e-01,2.325984789738832180e-03,-1.162582144918502952e-01,1.313152016498406356e-02,-8.748572354887330926e-02,1.667931872382669156e-01,2.325890521442508241e-01,1.437706655798858535e-01,1.781151818281888066e-01
2.424955500198714212e-02,4.686646627183919250e-02,1.633969377485912089e-01,1.824409648304117088e-02,-3.226330882262203048e-02,3.413323113473403642e-02,-1.233147686915437719e-01,-2.061104585366244427e-02,-1.335531693907878771e-02,-1.972192532727480574e-02,-3.360952582440277642e-02,-3.693333194609451503e-02,2.239359107862439607e-02,-2.724598471878048045e-01,-1.260444174163223574e-01,-9.425102968058256259e-02,-1.704121176432099871e-01,3.270478488366358738e-02,-8.829299236271137552e-02,-1.083069453584105946e-01,-2.223325479678997518e-02,-3.559422969534237202e-02,1.250070588497221094e-02,3.675943678837208239e-02,-1.536579258185912303e-02,8.076228028983287524e-03,3.793283725738261919e-02,2.889478893706479146e-02,-1.660000706658021075e-01,-1.313131874930874854e-01,-1.501287769377968317e-01,-2.754425613630562958e-02,-1.819592870368622606e-01,1.010019199722927419e-01,-2.119693660626292553e-01,-2.269264169971514297e-02,-6.127552420784722342e-02,-2.241635292530863299e-01,-2.736686497901636983e-01,-1.150417894468320767e-01,4.644554838290064491e-02,-1.203087445239796327e-02,4.283400557854458168e-02,1.446773432184755848e-02,9.310028970955801231e-02,4.371159739897884089e-02,1.031810055185720075e-02,1.007328897672886830e-01,2.401580068344761898e-01,2.456595810349108122e-01
-1.278019999871758960e-01,2.134850688978962713e-02,3.763181352895901555e-02,2.314433413275301249e-02,-4.183532091604950931e-02,-5.685605201700431183e-02,4.583929873653057319e-02,-7.593160349023060293e-03,8.473298317732784468e-02,2.297494349750257153e-02,1.145286758290142842e-01,6.753298880651777136e-02,9.602852009050735771e-02,3.745963341093765109e-02,3.913613550266381580e-02,-3.813500376232505790e-02,1.542604733700080055e-02,4.166059801487505959e-02,-2.481244799018948732e-02,7.261280406385203778e-02,7.809884491406188234e-02,-2.107347280659471050e-02,-6.230608748914014464e-03,-8.722202706066276012e-02,-1.410891388447114425e-01,-1.017132575301260972e-01,-7.785347192063053756e-02,-1.097949594911613591e-01,-3.123391223426911709e-02,-1.582554973183442071e-02,4.339802079721501171e-02,-1.368937932937180635e-01,-9.467395679401981179e-02,8.940793961929630052e-02,-9.634834109529499813e-02,-7.544236283531643994e-02,-1.127579219047631365e-01,-9.266357929674612359e-02,-1.055860511058291096e-01,-2.450423597227011085e-02,-8.136495028869082657e-02,-1.402047935292737024e-01,-4.319122842938665635e-02,9.482530115405969628e-02,1.696275996391241603e-01,1.964325417975130161e-01,1.776089730789194021e-01,2.222205963104153248e-01,2.883500003172227988e-01,2.800226925968334890e-01
3.151250943202245358e-02,3.968557203938481021e-02,9.132318935285914374e-02,-3.581982537446917747e-02,7.254472856527031943e-02,7.455737667156073223e-02,2.427223398212394537e-03,1.065711059597210658e-01,-8.014943843465929807e-02,5.135062647774841366e-02,9.484899436986789223e-02,-8.819602610457981384e-02,-1.261682346253757969e-01,-2.879213047410702705e-02,-1.099834531061445915e-02,-1.277462054059647634e-01,-1.584414932392047212e-02,-1.253496070915275096e-01,-1.399136815600738049e-01,-3.586753128740834129e-02,-1.378750126616276606e-01,-8.762116359657097509e-02,-1.187345780289478792e-01,-3.779058594828441781e-02,4.821917009270387106e-02,1.186238779517916238e-02,-5.966063651352341429e-02,-9.288731736144427431e-02,6.197761945067635503e-02,3.662862471709938533e-02,1.229182177266374210e-03,-8.237770715803083288e-02,-1.452511524389842879e-01,-1.634742727765537418e-01,-1.185573355856989752e-01,-1.490578827061632694e-01,-2.216002979218941460e-01,-7.977334170239372413e-02,5.915376364942939551e-03,7.610202162103399393e-02,1.863554566136569057e-01,-4.285268766345806668e-02,3.697488519206690305e-02,1.533973655564613847e-01,2.914014250977690068e-01,2.748803122274965371e-01,2.705694254266096666e-01,2.538809353229175558e-01,2.774150191371705376e-01,4.341899800227114747e-01
-8.907825414322490670e-03,-1.455133707250196029e-02,-3.463447664760602607e-03,-7.177015089436711640e-03,-8.392990030758984421e-02,9.891601563950826181e-02,-1.668817552650898595e-01,-6.363786735926955625e-04,-9.324063135674764968e-02,2.965256755162131580e-02,1.795838763350044581e-02,-1.727950068096825373e-02,-3.127099642977874874e-03,6.359651797161361420e-02,3.264916236312703779e-02,-1.530339379864559431e-02,-2.803647108760626283e-02,-1.718716474182688247e-01,5.130707020185664574e-02,-1.117741115609930252e-01,3.140714630715746303e-02,-6.238377278794679515e-02,6.208114303704663495e-02,-6.216586937895052234e-02,-5.207020068414149050e-02,-4.829627261066047478e-02,-1.930969742320733928e-01,-5.148988692621166846e-02,-9.814978044586993022e-02,8.550130244213831332e-02,4.789355490231271724e-03,-5.801093243761532015e-02,-2.058853377176514954e-01,-6.059500086908696515e-02,6.008935623734628501e-02,-1.714743485429801872e-01,5.667208207963304184e-02,-2.377637246740137503e-02,3.666758621935437012e-05,-5.688043800771452885e-03,2.721019552785583495e-01,1.634512980322195275e-01,2.987076930194988433e-01,1.984177761176758870e-01,3.137691241083798155e-01,3.416486323401452530e-01,3.617746018669789065e-01,3.753783553978206622e-01,3.448660502356879487e-01,2.852071195209292531e-01
6.195314442956367101e-02,8.030292420855057733e-02,-6.629295478304508826e-02,-5.766474267942325871e-02,-6.051693633095472230e-03,-1.168633363393800501e-01,-1.574072922355957971e-01,-2.705809452720552011e-02,-3.718773510242840558e-02,3.527327273022778670e-03,1.488490973376178396e-02,1.116272957893925527e-01,2.973002391797368443e-02,5.576312705726649971e-02,-2.213952434641054678e-01,-2.847312367204926295e-02,1.234947011491710663e-02,-3.706514879078268848e-02,-6.331897510829123665e-02,-8.242398769784596568e-02,-9.529806735097696990e-02,-1.069371716328538779e-01,-4.649815742526759721e-02,-6.945484176161337286e-02,-1.472449185985335272e-02,9.345423042133491412e-03,8.886939908646744601e-02,-6.560677345897755752e-02,-1.038200487439435299e-01,-2.770124625138542518e-01,-3.178909272169748446e-02,7.360644711317440581e-02,-2.084076752888336034e-02,-6.791749655463402702e-02,-5.356747290228668079e-02,-4.531799723085568055e-02,-1.218148441541964944e-01,7.340464914946813468e-02,1.473430862134885166e-01,2.051062475487583359e-01,2.389584517044674172e-01,2.950403640985316267e-01,2.485784738816732287e-01,3.032665099151204968e-01,3.955117980698056868e-01,3.727222541973347347e-01,4.192257586584904883e-01,4.706154593708823941e-01,4.641343415351713020e-01,5.474223383053100633e-01
-2.963126211398818891e-02,2.128451523607308160e-02,1.568553316134774223e-02,-6.871923121424684811e-02,8.172480864686978985e-02,4.731449555978100435e-02,8.970432079283836846e-03,-5.635409057064762889e-02,-1.689234697239577199e-01,2.967258971244782217e-02,-3.222218031123660203e-02,-8.472280204943093140e-02,2.547387940451745214e-02,-3.808528279749815370e-04,-7.471434703046865577e-02,-5.489127729632913705e-02,-1.004370293189287972e-01,2.616558479457824216e-02,4.413632133442524363e-02,-8.928246697178733940e-03,3.396328065518223333e-02,2.395920357098597561e-02,-9.416610435729261264e-02,-3.317364874043329803e-02,-1.683838648271546723e-01,-5.188502924026804942e-03,-1.146150265177362654e-01,6.017804003598727081e-03,-1.215430176982327248e-01,-1.436241978175874234e-01,-5.329647244163084746e-02,-9.411556351655619990e-02,7.169706347795765100e-02,-9.306056595481368432e-02,-3.498673376923264189e-02,5.211356958586680840e-03,1.994456256843780695e-01,1.564008684040686381e-01,1.897856721465476793e-01,2.778521290611285499e-01,1.684532865727965401e-01,4.123564526122359686e-01,4.688676344350632408e-01,4.999251702617656390e-01,5.020103480399240592e-01,5.222772248507742132e-01,5.893673681401153663e-01,5.798996182712380376e-01,5.338965053765715174e-01,6.942767977559219927e-01
-3.839783902222874273e-02,1.100548554087483338e-02,-4.090254362021032708e-02,8.752491410790233517e-02,3.469072148120119770e-02,1.316445393279690873e-02,3.858382818362380423e-02,5.103789324510284858e-02,2.182431898303538453e-02,-7.699555733538269997e-02,-1.730346010603034043e-02,9.006323212571580583e-02,5.963542779810107608e-02,2.942757255157297386e-02,1.617486982969103954e-02,-1.405875822140931486e-01,9.440536558784123899e-02,-8.118160199851563730e-02,-4.263538421314174570e-02,3.400346408753288086e-02,-6.007362867490593367e-02,3.291964852311490136e-03,-4.538035787997377751e-02,2.544294728585329984e-02,-9.015228848564221797e-02,-4.085506288266150393e-02,-1.178849180955054421e-01,-6.515247969994041044e-02,1.785455271661881907e-02,-4.239880774459114238e-02,1.493197569994178520e-02,9.651959256322320546e-02,-1.323066161527228050e-02,1.314926438882532134e-01,1.506304894046816001e-01,1.732739747787832851e-01,2.140722331200604622e-01,3.839449384190526948e-01,3.249761025880909537e-01,4.898992922755847634e-01,3.977705207293473766e-01,4.295155998727272495e-01,4.858250491302468221e-01,5.618038664295071927e-01,6.686661858618033749e-01,5.850063469332980048e-01,7.071197371810935550e-01,6.541120090439170864e-01,6.926304899113809865e-01,8.805563533105720264e-01
-3.473076358931490720e-02,-2.555556947048987990e-02,5.779713983575406576e-03,2.831029616570567703e-02,6.761100150489496308e-02,2.854035499325444439e-02,6.707753118984767504e-02,-7.110945926980548337e-02,5.592210658063730133e-02,9.378388503357877604e-02,7.342634950191760657e-02,-2.435480361797436044e-02,-4.247473893906319325e-02,8.188531147591568415e-02,-2.250153856977722688e-02,4.814908453400545268e-02,1.487647383553185668e-02,-1.764020843950154238e-01,1.290302597110539254e-02,-3.961230954492599848e-02,-1.768761369109559528e-02,7.918661321654539564e-02,-1.303801646038061091e-01,-1.598773263748032025e-01,2.130124603092877281e-02,6.541017215385547603e-03,-7.091347374437841078e-02,-4.084876503158851174e-02,5.287528213361177704e-02,-1.047449179237966571e-01,-1.372830440975768979e-02,-2.913330493995289899e-02,6.029356034593201519e-02,5.697118172795179181e-02,3.007873201606977576e-01,2.721238000627864695e-01,4.036187387576089525e-01,3.887072879167329242e-01,4.765390171422241861e-01,4.821625093914573279e-01,6.680713450219544214e-01,6.289228016506984709e-01,6.336715336750458061e-01,6.187855330517652019e-01,8.122663371803452437e-01,7.219455168975053017e-01,8.928185975610631875e-01,9.789174278405682328e-01,9.448784526513970272e-01,9.586232074514525747e-01
-6.876124081650561437e-02,2.746257128111197210e-02,2.528015931224134386e-02,-2.871085315595689122e-02,1.853140011684097643e-01,-3.722130176691808290e-02,9.723003043413971230e-03,-1.029353228531652148e-01,9.414110115674750867e-02,-1.212774989335216880e-01,-3.481288105850136733e-02,-1.985502583936415294e-02,-1.862850612730077710e-02,6.093265158352845212e-02,-5.546341060244803362e-02,1.132224110321213353e-02,-7.395264148148222860e-02,-2.004068886399950483e-02,2.856623096906845197e-02,-1.658982357327744295e-02,-8.895897288957126114e-02,-1.641034293100228705e-02,-1.204641278824295121e-02,-1.383961787740295157e-01,-6.332074850449662118e-02,-2.108542873492204317e-01,-1.390016907499558307e-01,-1.177030525556391899e-01,-6.206983859471502246e-02,8.463663319054619272e-02,8.078435467229666544e-02,1.025734221485788272e-01,2.298469226344975747e-01,2.616297793410393147e-01,3.833006950457759077e-01,4.342082732408539258e-01,5.261827435773145378e-01,5.949258661898250145e-01,5.808774274184433928e-01,7.229494485608930487e-01,6.858827537708224176e-01,7.239434211741961889e-01,8.265511863599854792e-01,9.656402714988815417e-01,8.271055914804681386e-01,8.331298680791551226e-01,9.945149789011649144e-01,9.969412515066623515e-01,1.113504379474014039e+00,8.648722593581142926e-01
5.751490088386016636e-02,6.670730335020100266e-02,2.054357759027703595e-02,5.668183118730586723e-02,1.389149621650766393e-02,1.405044540758914641e-02,-7.032718838202621503e-02,4.597865717265493812e-02,7.123184877029398177e-03,-3.801659027870754604e-02,2.100760978091300440e-02,1.517120069437654512e-02,6.594271876553685352e-02,-2.775600154825205029e-02,-9.011886903996454978e-02,-2.144174778697224837e-02,-1.463713474795835454e-02,4.101242929240573980e-03,-1.225164083661853115e-01,-7.827312692436041996e-02,-5.648833200220457207e-02,-1.400976007408590712e-02,-6.778225652300119697e-02,-2.121597329446041902e-01,-1.815541359145271816e-01,-9.509867012261923047e-02,8.120985350236833294e-03,-3.383459771304480473e-02,1.816119304150148189e-02,1.767758232223695380e-01,1.631172011969964641e-01,2.961898793698344301e-01,3.600543244234004625e-01,4.213701387140720844e-01,6.708127124978232603e-01,7.155351487675524202e-01,7.553977630807531263e-01,8.684473646414466730e-01,8.147095872787278870e-01,9.321174499254955004e-01,8.476440012014678782e-01,9.069799286011598349e-01,1.054226969390261948e+00,9.796214880005552628e-01,1.190972341050049010e+00,9.787936788146578415e-01,1.282002070316285103e+00,1.099587469800464179e+00,1.112259553892000152e+00,9.115328701449966209e-01
1.074812544455128055e-01,1.300411509699626600e-01,1.650647160421030851e-02,-8.381965423692418204e-02,-2.808371130762164075e-02,5.116802178358180464e-02,7.851255828154948824e-02,1.132130730096741339e-01,9.754748664729135169e-03,8.878521972016288621e-02,-4.742898409713355856e-02,8.513505731400436427e-02,7.691044591292008591e-03,6.029171978061875076e-02,-8.029862245623669431e-03,9.290081308273832883e-02,-1.061560808837305053e-02,-5.491120697714900467e-02,-2.038377141423563382e-02,-2.045496767361120738e-01,4.367570023260614748e-02,-1.137875739453675511e-01,-8.318395552247026536e-02,-2.230235391949147300e-02,-2.203076761811128825e-01,4.134056711566937159e-02,1.980063998932272626e-02,6.919194153873362008e-02,1.494835614040047334e-01,2.105702675049942185e-01,3.300779676908237037e-01,4.887258947866171543e-01,5.430290623154915286e-01,6.108070633655519055e-01,7.119358919257066098e-01,8.617372814952470872e-01,9.757493773632022194e-01,1.013927757296854359e+00,1.167995473208448098e+00,1.092826652655734643e+00,9.747386835286561135e-01,7.918431392932711033e-01,1.197409028429389455e+00,1.016166528434821581e+00,1.116309563729887655e+00,4.715133487629116771e-01,1.515129058278974927e+00,1.392580970658020556e+00,1.485255229785852338e+00,1.336104674304439133e+00
-1.429208308961482377e-01,-8.029572658195744447e-04,6.990667826295430404e-03,1.233773429747358217e-03,7.541850304768647761e-02,3.513811364234802059e-02,1.112538139923488628e-01,8.345508620532701705e-02,2.789526171864379137e-03,-1.723819619543244183e-02,7.687317335931773132e-02,6.017496513743483821e-02,1.795715991035512771e-01,1.372643258714064396e-01,4.692331902172716673e-02,-4.138265454565602519e-02,4.772175856193707107e-03,8.841132628626263701e-02,1.143802178607825626e-01,1.063123992334083640e-01,7.769815338223867718e-02,-5.105157653015852254e-02,-1.287885803314284816e-01,3.807655567833583693e-02,-1.655441878263162747e-01,-3.601951211016168192e-02,1.055758085510621613e-01,2.302705698179508542e-01,2.432241317841673522e-01,4.334831547351119529e-01,4.920440476631170457e-01,6.249255444869110665e-01,9.170395640532718051e-01,8.535463940270113792e-01,1.098842434290153269e+00,1.190347984364345191e+00,1.002062386576558994e+00,9.952874002462773761e-01,1.155839397951386349e+00,1.359906443845688928e+00,1.293727486661712112e+00,1.498229261424546044e+00,1.119689051647477118e+00,1.239917413805324831e+00,1.068030255608180656e+00,1.355324538106005505e+00,1.187839927203119483e+00,1.570343381502934621e+00,1.314235113712446834e+00,1.583910097868789890e+00
9.604052831427778436e-02,1.334659387015646181e-01,6.994697655286319371e-02,2.453892409953557438e-02,1.039175070937976841e-01,3.105809045171330565e-02,1.796497070975724697e-01,1.130554974248803857e-01,7.394905524590364432e-02,-2.247596881180390777e-02,6.500576792971810014e-02,1.078955681971863478e-01,4.494104939948940364e-02,1.816429126411650552e-01,1.144777655577427639e-01,1.077779972692541194e-01,1.374227658953735276e-01,-7.934590514703852848e-02,5.583374180850660118e-02,2.632168489921248716e-02,-2.258488879770886582e-01,-7.928412912371723964e-02,1.859980601166746558e-02,-1.068173930471412320e-01,-1.804486776342125245e-02,-1.794414458559691894e-01,1.600065065118343177e-01,2.988989131293652846e-01,4.697844519208206893e-01,5.394580038583354220e-01,7.459406338492984290e-01,9.790344156307281276e-01,1.117015926512529234e+00,1.166601712700619187e+00,1.082300830027302929e+00,1.239928522427795610e+00,1.253817628504063197e+00,1.084315993467058536e+00,1.216445713667955175e+00,1.126164905287513118e+00,1.116728373523885098e+00,1.041478433925238534e+00,1.149460218376890497e+00,1.451251544193086218e+00,1.359703781123403177e+00,1.597292165067407899e+00,1.403938434031476667e+00,1.587955721630511574e+00,1.632599527048441024e+00,1.323000724274457696e+00
5.671042074909155711e-02,9.836685104801842772e-02,1.312255845534589238e-01,-2.457838456362420893e-03,5.770486221504722568e-02,7.581323054637727557e-03,-1.392494695437911378e-01,-5.102548269529206398e-02,2.451807256782364067e-02,2.103537972034834336e-02,7.969096814146228724e-02,1.458487964431391150e-02,1.403124433909744284e-01,1.121648788696728571e-01,7.824667712065108693e-02,1.751728210729105728e-01,8.353574411575420341e-03,8.612650841366245591e-02,1.151484122630584556e-01,-2.647902877052084759e-03,3.944486835461399887e-02,-1.014657230366319274e-01,-1.089322930362998931e-01,-8.814841283876087563e-02,-1.234783041315850455e-01,1.577587902188310465e-01,2.927819836695967348e-01,4.866824323100240601e-01,6.084671847621109242e-01,7.915419571736428406e-01,1.068341532560745710e+00,1.176202994733627216e+00,1.347025139203249067e+00,1.289464654607910932e+00,9.842885688575447878e-01,1.334977994984780869e+00,1.216517366048577076e+00,1.206471253195519955e+00,1.150592960106113116e+00,1.183369214323695351e+00,1.068957335767980910e+00,1.216386430074514635e+00,1.386309963543214785e+00,1.433178995397811573e+00,1.523600443750490196e+00,1.243460043087835531e+00,1.249877278813553261e+00,1.344240935671036086e+00,1.215439342019055680e+00,1.313320815772256900e+00
1.811659090994995058e-02,2.959399533323310572e-02,1.602631227252565571e-01,4.893314017317170611e-02,5.852471022021474290e-02,-2.456366698089013784e-02,-7.869097949448626561e-02,5.216984200933927340e-02,1.716100925239571195e-01,5.949995569909422716e-02,1.151400000720298744e-01,4.304240024055087932e-02,-8.326181105284003944e-03,-6.138323302576026430e-02,4.291348841857343943e-02,9.506237886739669907e-02,4.949798198575509900e-02,6.466379917421175016e-02,-8.554738230843547675e-02,-1.880256020337488926e-02,9.106028848156555444e-02,-1.309397937411811985e-01,-1.953914674001988871e-01,6.877789543179751997e-02,7.657551464250084150e-02,2.931251764450342190e-01,4.243426214526000995e-01,9.423546611992015265e-01,1.156244776647742611e+00,1.058255763586860354e+00,1.390679335362078772e+00,1.350072282720792050e+00,1.304614896555282622e+00,1.177906163697916897e+00,1.109924771473366212e+00,1.142453353876283551e+00,1.114895624714225431e+00,1.157537101440255345e+00,1.133135440563119323e+00,1.220917893721669367e+00,1.240558895719886534e+00,1.317266117925211200e+00,1.155315044784255729e+00,1.209242153978183687e+00,1.480135645880337636e+00,1.223992931920437899e+00,1.173961129132574666e+00,1.627460406590732100e+00,1.345320410106289888e+00,1.280743289122266981e+00
-1.470564594580878008e-02,4.207178119907779151e-02,6.599191362829842644e-02,6.599421759670692778e-02,-1.851023465279375696e-02,1.591155365832336126e-03,3.198600886448187131e-02,4.310557565053700787e-04,7.109747826314351260e-02,-8.386388916257469248e-04,-5.396462052250413505e-02,-6.392011113778275910e-02,-1.056922102200103936e-01,6.714983476032142240e-02,9.598660626516522520e-02,1.816293335088486338e-01,7.077874729116880037e-02,5.549921729381907670e-02,4.029774407449830675e-02,9.187789539991654542e-02,-5.366154272094159766e-02,-1.160933766897210423e-01,-1.159434711790873623e-02,5.038769751849751788e-02,2.688540102555577183e-01,5.230218648921763913e-01,9.742916052746128930e-01,1.204907145710172989e+00,1.242569138455521527e+00,1.230771198587350401e+00,1.386089724898248665e+00,1.294076843295967727e+00,9.732180168486095351e-01,1.057026917457004389e+00,1.141326248858856474e+00,1.058394362762137497e+00,9.955520538853589452e-01,1.074329548737546602e+00,1.052227946713751860e+00,9.293701266095311109e-01,1.092788447496762849e+00,1.231872879118601327e+00,1.660593002029025822e+00,1.394623913150456973e+00,1.213567504984477408e+00,1.528624433244162750e+00,1.272191450319596573e+00,1.455888734043364163e+00,1.084497459804488972e+00,1.162656924639196232e+00
1.647295128428075475e-02,5.100485914346344213e-02,-1.403649904083498767e-01,-3.180643864905923629e-02,8.798054058312221315e-02,-7.442640856403834326e-02,1.079544083536239374e-01,-8.091898034106466062e-03,5.992219955754245209e-02,4.738909207754773978e-02,-7.244055543879772407e-02,7.730071258746418206e-02,2.207204066804772935e-02,-9.185314652686786541e-02,-4.721940667819779502e-03,7.198772135128254923e-02,-1.736066606810462987e-02,2.070642367340125994e-02,-5.029318743948656828e-02,4.934264127504536107e-02,-4.870156607651415087e-02,6.483791758890468382e-02,1.079852182432163160e-01,1.605707061666477864e-01,4.436683480111935918e-01,1.000589581077616641e+00,1.075982994668641890e+00,1.142731213919950362e+00,1.245287127207029831e+00,9.954195439766461151e-01,9.695454032822852231e-01,1.153337035084979201e+00,9.365237854387141736e-01,1.004046056975021806e+00,1.207065305079855655e+00,1.022026785668301407e+00,1.072364134274486513e+00,1.068622755489899934e+00,1.115601383044505956e+00,1.164249405083510602e+00,1.223818445662848919e+00,1.186862568109351868e+00,1.208728597456509402e+00,1.565068186792033966e+00,1.156940835554452374e+00,1.380403431126682845e+00,1.143468086501572056e+00,1.244145604838254648e+00,8.833272220680562503e-01,9.471981928357458003e-01
-5.242382301984341297e-02,2.457403118843244638e-02,-5.365046683901426167e-02,1.002005188577699685e-01,-3.151506226013960077e-02,-2.935648739933016237e-03,4.447853363810291838e-02,4.372423999223915697e-02,9.209071652312768308e-02,-8.583039684448946077e-03,5.343974345752672273e-02,8.835417590793193110e-02,8.148630598450767870e-02,8.715129592828783911e-02,9.299150126644517567e-02,9.631994850000935582e-02,5.340996773359091981e-02,1.030839389459780459e-01,1.503203059209637094e-01,5.126668335564878859e-02,8.849274710333483729e-02,7.380407966152549570e-02,1.583976490184295371e-01,4.275669590353941008e-01,9.915668221109612546e-01,1.230789398348468122e+00,1.035731687453948835e+00,1.169703158468556436e+00,9.860037013787433802e-01,1.083411810128319885e+00,9.676340805054385319e-01,9.619234952357104129e-01,9.869358109806146695e-01,8.586200318797103659e-01,1.033599439081135829e+00,1.060976387382938757e+00,1.161567517414546336e+00,1.062421113800141814e+00,1.016518647036792178e+00,1.063591010231743850e+00,1.087099158642275798e+00,1.352735032786054337e+00,1.179980013647688120e+00,1.198225758577984079e+00,1.246015006853308016e+00,1.374389592049742870e+00,1.283698934446761752e+00,1.112871951948627203e+00,8.711237460772603969e-01,9.185942098673826051e-01
1.228976860922474934e-01,2.580125815666390807e-02,3.116580133169789130e-02,1.772590057484575363e-02,5.093145495022222830e-02,9.670915896551474100e-02,1.428179878047493301e-01,3.028951275787159295e-02,-1.479627126650907287e-01,3.778597520438516794e-02,-2.421027310262492682e-02,-2.693092951429619866e-02,4.994376144853410540e-03,1.275824814059698387e-01,5.609974259888424186e-02,8.790876828996901926e-02,-6.713872256122484228e-02,2.178768592146112723e-02,1.307337398106873383e-01,-4.211920946851676131e-03,8.395872644403939988e-02,7.246428156290814215e-02,2.440712353619994279e-01,6.993133405365051791e-01,1.295562912594988569e+00,1.222020718567303321e+00,1.247992875555073988e+00,9.643464893029678464e-01,1.153711872995380805e+00,1.039435963701175192e+00,1.071108096989937808e+00,1.098625338044639577e+00,8.751315658390282914e-01,9.540121676812964857e-01,9.261080652923775469e-01,9.514362387464982973e-01,1.075472061387404255e+00,1.245109722402115038e+00,1.182352989302543067e+00,1.035095265713772195e+00,1.106040808649334739e+00,1.204639782962240391e+00,1.266313416252443869e+00,1.328608020386480071e+00,1.233329760859673163e+00,1.072073056335916430e+00,1.100580801021763477e+00,8.469106201471958695e-01,1.104352041615730196e+00,7.983057024987832984e-01
4.752215225838499896e-02,2.340703945751413870e-02,1.021449674070706304e-01,6.126659770754382811e-02,7.081614695820311056e-02,-7.113435683112637187e-03,-2.415496407098230783e-02,6.595412537381303841e-02,8.797826951160564457e-02,8.155587363887945029e-02,1.423030680985937213e-02,2.548425247833664350e-02,-7.868718130018555190e-02,6.697914128892394625e-02,5.788426855483422978e-02,-2.961486062083233325e-02,3.678238733268507366e-02,8.787195351772638177e-03,1.506436476846287342e-01,1.476824881874734263e-01,1.568431218180622033e-01,5.606631622008308169e-02,4.093575783096846110e-01,8.680772559567029312e-01,1.428832487018606212e+00,1.181959654419354466e+00,1.033214461085145475e+00,1.028124768725664717e+00,9.066205494268575471e-01,1.070735934804129430e+00,9.278595715188595605e-01,8.784269432799525212e-01,8.932647012755295934e-01,8.441138938326151475e-01,9.500474627109917192e-01,8.998748742496275321e-01,1.072927119699069953e+00,1.069951095083525150e+00,1.130124292627678662e+00,1.127716929420985448e+00,1.349231404468317574e+00,1.083115332860195901e+00,1.178475589791205813e+00,1.080269755771552598e+00,1.181931784477387337e+00,9.919702918813730896e-01,8.306887935911677623e-01,8.423527541533745167e-01,6.123861980077783818e-01,8.637513168132652241e-01
3.903139248227747299e-02,2.394407144435575091e-02,6.302391330918023782e-02,1.929947209088131096e-02,2.722157496623598544e-02,1.477294069324175223e-02,-4.962350926119275113e-02,3.721190640619613521e-02,1.467800208191898104e-01,1.445225991594634510e-02,1.364642475617430517e-01,-6.001514725742805589e-02,-2.518267986832059546e-02,3.026826801613133767e-03,1.871550732597362376e-01,5.758035750362559824e-02,1.055628699771298251e-01,4.347996974034369633e-02,2.189139740326435588e-02,9.032219987623515967e-02,9.735662897537845917e-02,1.985424159483443196e-01,4.604192514704625872e-01,1.138379834090874843e+00,1.140637736809356317e+00,1.178137656228554597e+00,1.014711127695232529e+00,9.887414866860707585e-01,1.018781940079442228e+00,9.773377365466401345e-01,8.892711996746045511e-01,8.534812400688328582e-01,9.693297623982095601e-01,8.689333610598248825e-01,9.437978683262928659e-01,9.950875337185596248e-01,1.184272678495770004e+00,1.102832040527001123e+00,1.000177213191957959e+00,1.022250520270578056e+00,1.299359347807944376e+00,1.455504371367115191e+00,1.061533162407455322e+00,1.021230502420848341e+00,9.804013453319883054e-01,8.244975649668215834e-01,8.404306552976791300e-01,6.804607542937126663e-01,5.866275846880859568e-01,6.149457950558215868e-01
6.138792479755784265e-02,3.884799050718434898e-02,4.703011343439961883e-02,-1.868687111420008068e-02,-8.245529316679471588e-02,4.132472926749002073e-02,3.106259179594938677e-02,9.609804977550981397e-02,9.423154606416599133e-02,8.832935939735187545e-04,6.729313131456801655e-02,-9.928771770328863322e-02,4.029830745187105295e-02,4.069884230575843143e-02,6.003297600287770680e-02,3.424855329642925716e-02,5.137968968966988986e-02,1.469809413717287627e-01,3.325278391158553726e-02,1.042491965174069807e-01,1.278652288415457194e-01,2.173665374972293118e-01,4.671629560987030083e-01,1.312201074817491930e+00,1.018347660494307583e+00,1.208858561724224234e+00,1.202953273453164940e+00,9.602858582785521735e-01,9.621378426233692105e-01,9.820621255852911569e-01,9.978616844748955383e-01,9.408153970750441353e-01,9.891556204527552909e-01,1.056977226729159725e+00,8.958949862149606647e-01,1.047329061168725373e+00,1.244422705299865317e+00,1.133061720148071050e+00,1.215098741767688173e+00,1.056756600540101232e+00,1.041997634761816505e+00,1.002356146369766554e+00,9.136315115600174286e-01,7.730287844473360259e-01,6.799767340258623394e-01,6.364727787405830561e-01,5.940992301396632591e-01,5.662864912014272667e-01,4.386750289899015165e-01,4.615492062726087585e-01
-6.500895848761305273e-02,5.959132635382321380e-02,-4.388722319717137249e-02,5.451545991133666114e-02,2.199726803862400715e-02,2.261203701060061563e-02,2.717754984812860083e-02,6.147703073382523864e-02,7.028460499140661011e-02,7.282869900730289114e-02,-2.402029414606830435e-02,2.603650268740316347e-03,8.984937172232580760e-02,-1.984592578132524793e-02,3.668752789001521186e-02,5.172605457804042156e-02,2.237422383961947814e-01,1.856985451718848878e-01,2.412505033000812704e-03,1.851674368268104720e-01,1.057401488013619412e-01,1.821233822758104026e-01,3.992902998581687735e-01,1.044058568572779011e+00,1.145903837763244892e+00,1.091147832899533432e+00,1.049473287799014720e+00,9.853054214909663377e-01,9.791698615733742672e-01,1.042731830123538428e+00,1.061669861231754997e+00,9.419958327044408719e-01,1.132839103235831146e+00,9.396869016705892141e-01,9.684931311544494603e-01,1.061116452707148827e+00,1.059432375985350117e+00,9.522298772777150200e-01,9.100326728293710588e-01,8.825050755375802858e-01,8.128270494553130332e-01,8.111448060777275426e-01,7.359248386827703658e-01,6.973650688381127782e-01,6.307758292368844666e-01,6.784123080855291033e-01,5.324511537629376123e-01,5.149015010347286481e-01,3.522090557845110603e-01,4.341698548329627205e-01
-1.098716782737470948e-02,8.157722300965890294e-02,-2.764722077985682369e-01,6.326053009773674463e-02,2.518282833387847433e-02,-1.640425651937026455e-02,-4.707686553374306436e-03,1.001571572386270453e-01,6.643696854183442010e-03,7.361229018688415782e-02,1.331850561732506599e-01,5.953322355633297591e-02,8.778147442855695204e-02,1.404237817137935773e-01,7.419619529590382179e-02,1.090221593251313043e-01,1.188361201664195205e-01,2.730039344354957126e-02,3.439360431885242226e-03,4.590034142426058228e-02,-3.852802238410434760e-02,8.621248714219718889e-02,2.770378000878334079e-01,6.406477243344322892e-01,1.220296350152545006e+00,1.167000086802010950e+00,1.091596572832248091e+00,1.100082002697846173e+00,9.791612003489437166e-01,1.011485759173590182e+00,1.157839933774647667e+00,1.173196652143662089e+00,1.019585440910298901e+00,1.230785661751786941e+00,1.232843694833502424e+00,1.003354475100041832e+00,9.405057197827082494e-01,8.151145896882162623e-01,9.197738886127239111e-01,7.618021707283005872e-01,7.464273600715491952e-01,5.774908142089247853e-01,5.872335877704255580e-01,5.389402665625235844e-01,4.828744601416595783e-01,4.383365609077848890e-01,3.895631575104309130e-01,3.773658124392092472e-01,3.580479810839056198e-01,3.131301573786446357e-01
6.524256415335220882e-02,4.317776524375840919e-02,-6.181785576809700061e-02,-8.443996042292466198e-02,6.139947840328396911e-02,-9.553152132262302323e-03,-1.051349514609200252e-02,1.451676063900741720e-01,1.357960462620764475e-01,6.412887944788252335e-04,6.209228446179214378e-02,3.789715942157081269e-02,-5.045914741698232647e-02,-7.987803997490541819e-02,2.204921385819870808e-02,5.165884580525758468e-02,5.806719017004188799e-02,6.146553035746146060e-02,1.159371571260719019e-01,6.956454212998042230e-02,2.997788680237681302e-02,-2.272303374080576754e-02,1.875408412892754506e-01,3.074126166536787497e-01,7.033686864932470195e-01,9.005440118611667266e-01,1.103681667785014753e+00,1.248668149196675126e+00,1.133314496047642450e+00,1.093878206795657393e+00,1.089406317272722635e+00,9.716841145653659639e-01,9.702355090489359624e-01,8.509746901020969201e-01,9.253990958515011522e-01,6.537594703495065440e-01,6.769783431615351565e-01,7.027478143966445767e-01,5.657047198731258719e-01,4.747668535458882677e-01,5.810489998743294526e-01,3.480608713540959687e-01,4.254782798166890090e-01,4.022407760730269954e-01,3.779630128636899955e-01,3.202385673294927404e-01,3.001593235424525608e-01,2.369553530842946898e-01,2.328186852063709178e-01,1.804654767566232221e-01
1.459718675829782715e-02,8.714094450161804454e-04,4.934984752305270929e-03,-7.779395956346826790e-02,7.712607946065104525e-02,2.957995499471254355e-02,-2.882755632914479373e-03,1.553805564267661810e-01,9.523953913057242593e-02,7.692837291465350232e-03,6.773774815701039120e-02,-6.453616379645263357e-02,2.840760299423211385e-02,1.925811813436551639e-02,1.765911369172397660e-01,-6.378063891638306726e-02,7.833093560506944331e-02,3.789410843236117044e-02,-6.802560044987829291e-02,2.982548279780823305e-02,1.018752048816129185e-01,1.525481665258048708e-02,1.544866785154438427e-01,2.294726303777187559e-01,2.937203988032592861e-01,4.750628557870533730e-01,4.952670675465362660e-01,5.970195348587736817e-01,6.841334231081563910e-01,6.528907607803111635e-01,6.978983920848100819e-01,6.963582279204104664e-01,5.638991846061480739e-01,5.969571319829894973e-01,6.377077618825154337e-01,5.683209141235362472e-01,4.764586817149184528e-01,4.792101606876104092e-01,5.597757796241089601e-01,4.605814576271349270e-01,3.937823713414737026e-01,4.694423475712269367e-01,3.834616761628592552e-01,2.782643420012924085e-01,2.574379567033832639e-01,2.083468725298957824e-01,2.206027505884317896e-01,1.893442017114762288e-01,7.338706634226430103e-02,8.577408541508724227e-02
-8.544685522242223552e-02,-1.240365548944162011e-01,9.593012862182567768e-02,1.159121942419426982e-01,-4.964510906223158077e-02,3.074534230494549523e-03,-8.760148443288436060e-02,4.261257046622048822e-02,5.049894057261694602e-02,-6.223650029357073732e-02,2.256735132143581832e-02,-6.636417181487709593e-02,-1.558183134166765682e-01,4.187177927503782371e-02,2.420455578579484845e-02,-8.847162478763753723e-02,-6.817244530176246042e-02,-1.264699737892211297e-03,9.561172101858506078e-02,1.482052214795680917e-02,2.142090181780273092e-02,-8.515176586992896646e-02,1.358411352182849752e-01,9.545289182508424897e-02,1.273538392002436515e-01,1.207281915736044264e-01,2.663912211009897835e-01,3.226708885425740858e-01,3.665125593610203403e-01,4.637499541118398905e-01,4.127464708003574789e-01,4.292778866380730363e-01,3.916271309135234135e-01,4.794727440553576137e-01,4.172710847797261313e-01,4.035939804010116316e-01,3.819627363492884009e-01,3.251648536584390570e-01,4.232303397920809673e-01,3.083917942518927813e-01,2.141019971722190329e-01,1.878971625396848033e-01,2.757893169052499371e-01,2.951205118604302013e-01,1.491178575221382419e-01,1.277424515840049346e-01,2.084512469021239101e-01,5.286750206854131523e-02,1.335032060283601607e-01,1.869265596098806589e-02
-1.186337930994602469e-01,-1.192584828770447969e-01,4.806540797373148877e-02,1.982699005680534435e-02,-1.884821865286740242e-02,-1.834420684238200761e-01,4.148943189098502904e-03,-3.954228324771955592e-04,-2.237162691004443774e-02,1.102327561347669210e-01,2.269234582846971909e-02,7.132507994806689018e-03,-5.835490661616106467e-02,2.817593673244211602e-02,1.949719008464124298e-02,1.041803905150989612e-01,-7.013773079374294173e-02,5.895097201880461490e-02,-4.522221462334432424e-02,1.162438438308819877e-01,2.771337552535698551e-02,-1.231866826899919720e-01,5.768635999273349219e-02,6.047608759306186132e-02,1.513288250222605269e-01,6.039770379487710214e-03,1.066783277456273826e-01,6.555102388512587530e-02,1.959753335134011287e-01,2.187383575517099221e-01,2.629436018820104359e-01,1.911162748565442548e-01,2.271234876717580786e-01,1.912815191054091646e-01,1.789196977118667209e-01,1.958471022967797071e-01,1.706576583896923238e-01,1.862632353018146003e-01,6.476187093009798390e-02,2.079109340720857457e-01,1.533267709249508393e-01,9.218391922111376230e-03,4.602102465877121878e-02,3.166558894075763297e-02,1.456850452289139008e-01,2.617188441567953102e-03,8.776721649969947137e-02,1.021753598134204390e-02,1.337288511519190981e-01,6.043975152288491581e-02
2.861931913881024178e-02,4.109260910109990839e-02,3.411201432037543751e-02,-2.202830066793827202e-01,7.570187676163274426e-02,-9.711267201813694738e-02,-8.849589682995985876e-03,-7.806313301849941710e-02,4.124028428862322460e-03,-6.692977189517404502e-02,-1.008628827444124909e-01,7.526245985467615307e-02,-3.066316064984615092e-02,-8.169567573930373861e-02,-1.983787062846184834e-01,-1.062819586268683308e-01,3.227822398073239979e-02,-7.681235674957283266e-02,-7.970299722239962414e-02,-9.789038382415622686e-02,1.149041236522830266e-02,2.973483709543524312e-02,-2.383643785510500615e-02,2.507833090601620501e-03,7.940652155647176524e-02,5.386867991184059873e-02,7.486994137899535828e-02,9.622307084177524061e-02,3.120373124779590376e-02,-2.630988960176252472e-02,1.443134016157680832e-01,1.527833491958456302e-01,2.062322853692992453e-02,-1.593709919407777439e-02,1.642746025463180659e-01,-6.460185375474189300e-03,1.206997941865416285e-01,1.607491643040130647e-01,1.204277969626210351e-02,5.362768558116878109e-02,-1.254359346227948979e-01,-3.325563729989487044e-02,8.680883023776013452e-02,1.698700636471450406e-02,2.197644599910166321e-02,1.265312489338071555e-01,9.131632531590658242e-02,1.079439443935794468e-01,5.855509031696300160e-03,2.816583323008381434e-03
-2.852586504338672918e-02,8.312520999089627327e-02,-1.049902484208429521e-01,3.753926585271223637e-02,-8.782601147001785347e-02,-2.813782365084479750e-02,7.416518504105048051e-03,5.632713144651076836e-02,-3.714762906625597438e-02,-3.648081783691261692e-03,-4.815110347268844460e-02,5.698232327382269508e-02,4.002340551549295883e-03,-8.177494478455213378e-02,-3.721765803446640958e-02,5.120953421658393928e-02,-8.884615555698344158e-02,-7.084530771740490951e-02,8.792160073682307730e-02,-9.460687345257563774e-02,-3.035208366487913631e-02,-1.014187373182476835e-02,4.581965821300423153e-02,8.561654952157535248e-02,-4.318947144490336426e-02,3.612084220675965129e-02,-6.360654855830445709e-02,-1.232513959970260448e-01,-1.063734549811891777e-01,-1.345487402087959805e-01,2.971691261704117321e-02,3.139323141831156655e-02,-1.010897335759311684e-02,2.039212646057645545e-02,4.313968490034993108e-02,-8.566026283790474649e-02,4.391003108878396843e-02,2.437421201946459587e-02,-2.578225318353406445e-02,4.963287797709257931e-02,4.099862046803497140e-02,1.724546652519439284e-03,-1.207986245681668888e-02,-1.563224988226791928e-02,-2.875505257575987003e-02,-3.561753463513159246e-03,7.683215508176780006e-02,6.995205033061838162e-02,7.162077132234729443e-03,4.744279188509212958e-02
7.601878511938121863e-02,1.115755738778492628e-01,-8.577452359637575963e-03,1.972080753014397725e-02,-1.319775427521995004e-02,1.579504113292229048e-02,3.636658280058016612e-02,-1.898617614096045347e-01,-6.005261345592076416e-02,-1.961439477250637720e-01,4.020585640187822329e-02,-2.032831199670787363e-04,-8.022002391394604526e-02,4.392110619944612770e-02,1.163674462623186523e-01,-1.076738666783298159e-01,-8.476945919332002505e-03,-7.956575632053215774e-03,1.836807200084458747e-02,-4.063863899657439716e-02,-3.204143828630483942e-02,-1.620829867565730109e-01,-6.679821748116337998e-02,8.989649604887742229e-02,6.819762996514208697e-02,7.669940456667240225e-02,4.347030033550010331e-02,-1.325774549681840719e-01,-3.709998013106527437e-02,1.358556104129764186e-02,6.997162211565900736e-02,-1.319805326158896008e-02,5.430373145629120019e-02,4.767233429241610893e-02,8.253139285394467395e-02,-9.485081724300045702e-02,6.422292756388370272e-02,3.383054862334309437e-02,-2.323939766203398927e-01,7.247174637479238124e-02,8.964615970910973231e-02,1.507064221236041265e-02,-2.114226310756265118e-02,-1.624717681192695273e-01,7.458872242162974120e-02,2.295310561870489430e-02,1.593920601775616896e-02,-8.803181213038760444e-02,9.816031730364982444e-02,-2.411251383473184129e-02
1.829888715195195168e-03,1.150276924962663830e-02,-1.828683516411730714e-01,-1.724676459230980660e-02,5.298697618532169362e-02,2.225269221312676030e-02,-1.022454865514529215e-01,-5.725236995602545065e-02,-1.866370567036813866e-02,-2.663522072343964611e-02,7.604312854439659874e-02,-3.621776527216435948e-02,2.368126931293750362e-03,1.291284068402711411e-03,7.732038211286189344e-02,1.701365969082076213e-02,1.015512303296503271e-01,-1.043749390328252563e-01,2.651736978620130442e-02,-1.641962595634230415e-01,1.213716123029885546e-01,-7.221074759502453533e-02,-3.258199705849124193e-03,2.128915789043439241e-02,2.518501070792939639e-02,-1.113290423975734911e-01,-2.454681684737839570e-02,2.679528320736627826e-03,-2.909936926043902271e-03,1.687219184301669284e-02,-8.585819617346000798e-02,2.987227288836299260e-02,6.937935519703519738e-02,3.802867049067804733e-02,-6.789178705155986260e-02,-9.949102986473817856e-02,-6.637739503873481273e-02,4.931272575925399471e-02,-1.626372928741608159e-02,-1.675265033696743677e-01,-9.114168828427789137e-02,-3.841579237290318471e-02,1.362506283021767788e-02,-1.366309355920462543e-01,-2.218739357539909265e-02,7.855236080073293298e-03,1.400964751607906289e-01,-3.885867868111131385e-02,-1.595091631608042126e-02,-1.679821906688220845e-01
-3.363287565347572450e-02,6.156572196888148059e-03,6.363254742647672657e-02,4.910020868507016661e-02,-2.568817870218887117e-03,-1.151398748350349333e-01,-6.754512199598089461e-02,-8.120831277401048542e-02,-1.660096223064581530e-02,-3.247760283901342249e-02,-1.139230867820089331e-02,-1.613844984584248965e-01,7.402026927307865656e-02,4.049190515927440087e-02,-8.718358124874113491e-02,-7.487062208356399032e-03,-1.007169202912470973e-02,-3.054594658236866114e-02,-5.248156748287604451e-02,4.503246150437222040e-02,1.788859985497164018e-02,-1.599457349571401510e-01,6.661429400750959462e-02,-8.211919475901631460e-02,-2.383370463321060964e-02,-1.163542075957094135e-01,5.912075839819947581e-02,-2.561601091006655145e-02,8.721554587547072912e-02,-8.383052116368092110e-02,4.833748525099903354e-02,8.137028329113389635e-02,-8.198772231094164642e-02,-2.853062076776444883e-02,3.933972798197773318e-02,2.595294333566517189e-02,-1.351903211557596851e-01,2.474542379950040935e-02,1.616227025551833507e-01,3.504844022532934734e-03,3.875867243855445239e-03,-6.427951318467411967e-02,-6.072956243572553287e-02,-2.407858661003016085e-02,4.618014409253552201e-03,-5.479017989310225323e-02,2.699595979872312576e-02,-8.284544794951241575e-03,-6.844972288225502008e-03,-1.012445389025757869e-01
8.943287082263100263e-02,2.663251214249088422e-02,-1.308839318875350613e-02,2.909426168985294880e-02,-1.581681889048653089e-01,2.777747962403909546e-02,-7.031224831381989275e-03,-3.503353374113156449e-02,3.802495400167704709e-02,-7.656536530686205988e-02,-7.718054527786628871e-02,4.980829022760240032e-02,-5.076715964345366455e-02,-1.731535648681312434e-01,7.664269281073442242e-02,-1.108907553899190351e-01,-5.463882706236091596e-02,-2.155688619791670466e-02,-7.172087784373852061e-03,3.983169950399099296e-02,-7.001633859109382407e-02,-7.381993805570268019e-02,6.642135304301605148e-02,3.780032126089449135e-02,-6.552211949737195285e-02,-2.406029581359478073e-02,1.490818992227801315e-02,-1.764813304641289077e-02,3.676706246114120474e-02,2.944216902695957414e-02,5.230387273768927203e-02,1.884568843280881312e-01,-5.421439030819656668e-02,2.522418244868272763e-02,1.443960406894478632e-01,7.228173521014052971e-02,-6.503397136379934773e-02,1.297982448064957661e-01,-5.579694591071002185e-02,2.400720296880784824e-02,-5.029164618507538792e-02,-2.128856555756469537e-01,-6.353915881394811560e-02,-7.657197935304270453e-02,2.126648151665728320e-02,-5.391155610179229618e-02,-9.446941311293984012e-02,-1.376233137888969171e-01,6.071079468376123969e-04,-1.977495399633343726e-02
2.214990781182426052e-03,-8.745855462467494457e-02,-1.000609947935864052e-02,-1.223057152898057998e-01,-3.777232045816131256e-02,-2.864886806163585709e-02,1.133596713984011128e-01,-2.952873637758401601e-02,-5.797925472645976130e-02,-4.026116632933652434e-02,-1.094008479140708423e-01,-3.510334409725596183e-02,9.433359849319668256e-02,-9.830471509184311729e-02,-4.853520306071401613e-02,-6.892532714478032119e-02,1.887290906013101843e-02,1.800405810316942634e-01,1.026574211119895552e-01,6.666523363862053922e-03,1.178114993552744141e-02,-1.000901501769540930e-01,3.175563949589885627e-03,-9.096751488793963780e-02,-2.476868495073484763e-02,-1.544652629757670426e-01,6.692656496988297343e-02,2.643168936706803349e-02,8.097294971410602671e-02,-6.787764566526894791e-03,-1.491695253695202728e-01,-3.191575300010541377e-02,-5.826724409208661193e-02,-1.544141547513078194e-02,5.719747535306742708e-02,3.724151519882140660e-02,5.132510736176709720e-02,2.162919757885532757e-02,1.104356962288044475e-01,7.941501182645904766e-02,3.908682042367286891e-02,-9.198569924039705359e-02,7.012693657764459965e-02,-1.235504466957058345e-01,6.922071303695720434e-02,5.985178567798403459e-02,-1.509695375436790887e-01,-7.374191278819747231e-03,2.464394644455584690e-02,-7.212053893615806566e-02
6.397080988763068250e-03,-1.085628365942081924e-01,-8.191765007568935220e-02,-1.438123798948061360e-01,3.069622193550991876e-02,7.589599893025997246e-02,3.458157589179128993e-02,-7.708424814637625244e-02,-5.914010800456087624e-02,-1.736476516234247147e-01,-4.096445158323911047e-03,5.065151757816286487e-02,-5.984780783590730457e-02,-1.504427239452155174e-02,1.030162959672334538e-01,1.343751279648793262e-01,3.613406363965972201e-02,4.627421513319066038e-02,1.232125057366576133e-02,-1.784249958926395832e-02,-3.092970468694011821e-02,7.268732913695311049e-02,-3.118805850922464970e-02,1.596266660200801879e-01,1.177038350249209886e-02,5.915747859146942150e-02,7.041995976037139504e-02,2.074315257897719339e-02,1.316936521673108262e-01,7.806541584618667540e-02,-5.070731402542382610e-02,5.819747467662480384e-02,-2.972764739585420299e-02,1.015601565255503519e-01,3.689348559281328127e-02,1.092761262713611015e-01,2.661829478028834850e-02,1.033396405420593661e-01,2.908587989204983876e-02,-9.006839167948287039e-02,7.395054533963792143e-02,-8.718089390988144685e-03,-9.886256059800747897e-02,1.076424185820654481e-02,1.302569154497892900e-01,-1.274147478228146724e-01,6.693009952663696305e-02,-8.712082823249903130e-02,-8.455919332195102611e-02,6.595609684449091348e-02
2.872456062470420818e-02,-1.230926412419527383e-01,2.991627400247181059e-02,9.392294989472832478e-02,-1.294809781659703174e-01,-1.175183092938452412e-01,-1.948668481629089316e-02,7.230804004643577587e-02,5.233495407515187381e-02,9.262609443319248792e-02,3.559693867507440768e-02,-7.467560051400902454e-02,-4.324748324719495524e-02,1.093580831583299828e-01,1.053685344582197675e-01,-5.282278797236848039e-02,3.740012421499674944e-02,-1.835866052997536801e-02,-5.784413207862739684e-05,-2.206613179258062885e-02,-6.756767312956502014e-02,-9.588339300005614685e-02,2.315187338415567939e-02,1.867895382082835481e-02,8.093687162193438644e-02,-9.594088435044077767e-02,3.531532027185932399e-02,-8.677153474010966538e-02,-4.835457034575822710e-02,-4.263610015055480443e-03,-1.383883220129782446e-02,-6.174119145964789696e-02,8.136652801091937004e-02,5.117707278000895033e-02,7.627004392768588215e-02,6.892688732392966700e-02,-2.452885231420552301e-02,4.252459774821824162e-02,9.397588373339865742e-02,4.591692825866758310e-02,1.465061909487721907e-02,4.914973339230493954e-03,-2.223889040748633708e-02,4.496623416282447688e-02,-1.487429014862449161e-01,-9.040447038584610573e-02,1.074271883480434758e-01,3.100812220398064742e-02,-3.602701765631643321e-02,-1.435295525978292075e-01
-5.120680007162066449e-02,5.585587440700621326e-02,7.414897644044547709e-02,1.643583848622793761e-02,-2.023762573265924236e-01,-3.345419161068085429e-02,-1.357868109031165893e-01,-8.442194679386660905e-02,1.996741340249642491e-02,4.523492668947013545e-02,-9.868619718409897892e-03,-2.455894022005765051e-02,1.076486191240373369e-01,-5.693917632115244598e-02,1.899666957706939248e-04,-2.794778481886794896e-02,-3.874631353698294173e-02,3.537760319910258910e-02,5.644716716646088622e-02,1.298266021299774101e-02,4.592092819204467852e-02,-4.519525664287646349e-02,-2.421639907650108628e-02,4.715017212499725274e-02,-1.652075883333888051e-02,1.148016699015723951e-01,-1.128876440810922671e-01,-6.912082675583818003e-02,2.893768101848466848e-02,-1.460367996561109660e-01,5.478279804365537853e-02,4.994164627322433825e-02,6.387785118304947773e-02,1.027809823167653430e-01,-1.295659060330085488e-01,8.340418240735739119e-02,1.334393584385268061e-01,-7.269161046933317327e-02,-6.245185906978963086e-02,1.274284136245070094e-02,4.861132982769540006e-03,9.278944337980150892e-02,4.419125125342290850e-02,4.500644661711388633e-03,-2.645648230532291617e-02,4.179687021881305781e-02,6.732871174055998775e-02,-3.334561065579895456e-02,2.755780017513824801e-02,-7.288361140579006914e-02
-8.207195808530419467e-02,-1.530933626975321260e-01,-9.688655684025987772e-03,-2.116690026603235963e-01,-1.838156922705193042e-01,5.046772645045565636e-02,4.767808718154017272e-03,-4.886511900356868554e-02,-1.864402485456681524e-01,-7.259232182388757060e-02,-6.404061886974291018e-02,-6.768114193753085872e-02,1.285287231838648236e-01,5.410303544139242332e-02,2.014743893742761485e-02,-1.618167509368904217e-02,-1.234253485489877206e-01,7.777127777805319109e-02,7.186347216902992663e-02,3.239951902786734894e-02,7.458610043820211588e-02,1.488593056064434206e-02,3.651441583002166397e-02,2.440498723012269125e-02,5.759271025956214096e-02,-1.005371851293036280e-02,-7.028196185600865675e-02,1.441488693383239927e-01,3.530336340652603933e-02,-1.245819563112671342e-02,1.443346848510950742e-01,5.524582500336705504e-02,3.163696289577636739e-02,5.498580891868262710e-02,-3.170279725241086088e-02,1.262304415012418524e-01,-1.514351760032417275e-02,2.905580727443942551e-02,1.325479197452381630e-01,-4.457924020290021661e-03,6.598397202352179747e-02,1.182267453839213334e-01,5.646139877771195331e-02,6.856078299025794576e-02,6.802189145076975585e-02,4.772468068572008337e-02,7.600342059060698208e-02,1.204950452810687050e-01,-1.054289260066703093e-01,-2.372064258440969090e-02
4.571274055202877856e-02,1.888227402078502398e-02,6.105401834225747393e-02,1.194856967605913839e-01,-1.848664771825127284e-02,-2.467071754325675034e-02,-1.167039065664812331e-01,-7.457540971196589819e-02,-4.015803540553130463e-02,-2.441211329592424609e-02,-2.421720932136941715e-02,5.069456170951103235e-02,-3.166957104096405212e-02,-7.410540056014291478e-03,3.719327640082351061e-02,7.497778491281475999e-02,1.433967291032905156e-01,2.321276691690570340e-02,-1.990691495550616849e-02,6.876157016745043649e-02,6.129179065108180356e-03,-1.216643572152067143e-01,1.070191579765830264e-01,6.733929116846550100e-02,-8.481772133845556783e-02,3.655640058475044529e-02,3.843452702530727322e-02,-4.236586730910968379e-02,-7.980043018747438530e-03,2.995124330076663274e-02,3.481206719906745212e-02,3.404440423603855709e-02,1.388875623575829277e-01,-1.010844486641223477e-02,5.069581202878706283e-02,1.036842505690803301e-01,1.109253215501122963e-01,-8.142395767763528289e-03,1.043634835514794384e-01,2.169563359357818896e-03,8.510885892745641279e-02,3.673077354521421534e-02,8.399940561507029946e-02,1.344069279207353584e-01,-6.489731579396007186e-03,4.447052413911260077e-02,4.550989573632053392e-02,-6.293635434287793429e-02,2.871538190179033501e-02,-1.993543325186803231e-02
-7.161657034764980223e-02,4.806724922883654633e-02,-2.856434335139626524e-02,4.386886198529880987e-02,8.628331445538423017e-02,-3.688024471459951104e-02,-5.562894336235249537e-02,-1.421836793613698857e-01,-6.208152512404922774e-02,5.411181939601336643e-02,-6.574660107911499407e-02,-1.537828451189094947e-01,-7.306598215513369909e-02,1.198562966442895950e-01,2.670286654634359755e-02,3.252002996183950279e-02,4.745579244039366262e-02,1.905140310668463829e-02,4.264289925680320170e-02,-1.084692601919154675e-01,1.468254007617496859e-01,8.205571982352055649e-03,1.535265768566216639e-02,-2.467039920331086933e-01,1.570251183126686323e-02,5.561559811542560877e-02,-8.991270967776892470e-03,4.889650242941478986e-02,3.907930572544742603e-02,3.188977561363361135e-02,-5.474689420712350318e-02,3.683948774334742243e-02,-3.338615764620369436e-02,9.172893686803894331e-02,9.058909868709098812e-02,6.232669528030926331e-02,-9.577886341491242961e-02,1.568793302959767266e-02,3.716624557924907285e-02,3.367231923566348789e-02,6.383013235059725732e-02,1.888845133697658954e-02,1.475076528237658224e-01,4.758026458658461307e-03,6.746115848951959870e-02,-8.080272482203101903e-02,1.286985215877589905e-01,1.066925745418712407e-01,7.212711821757159837e-03,-7.960411719498640404e-02
-2.229817420599722877e-01,-1.655957734921979230e-01,-8.032109299719963902e-02,7.685148168081750060e-03,5.466347789639783988e-02,-6.703519371608064603e-02,6.630664862131406545e-02,-1.228306999809659732e-02,5.345144431961201814e-02,7.222000531471539642e-02,1.363349016933777975e-02,-4.401666812631856163e-02,-1.364802249622436570e-01,3.434303756832299964e-02,-4.211062093568891662e-02,-1.584843701824347958e-02,2.474862538320165076e-02,6.240750159575744749e-02,-1.066666928489794636e-01,-1.259308112907699395e-01,2.701430607440576462e-02,2.997746451758767031e-03,4.066070507196267378e-03,1.448497654937018139e-02,-8.024799516072139705e-02,3.957000133464758790e-02,5.231238050367503084e-02,7.123709073343559295e-02,-5.479252297293835117e-02,-1.012356373733087761e-01,2.032325488677532571e-02,-2.072445704246647299e-02,3.632487052863463822e-02,2.396097799424332792e-02,1.822566390705189845e-02,6.775825825397784052e-03,-4.575644786514469070e-02,-5.689490589572823893e-03,2.506673949264705964e-02,8.181777021566075114e-02,5.459790205510913624e-02,6.117266330229941679e-02,9.345318023249145345e-02,-4.218640642378430894e-02,-7.020356494010755732e-02,1.997679373984090692e-02,-2.467466368490513207e-02,4.366785079564448196e-02,2.744330543883690202e-02,4.407601723263418481e-02
2.216369246666591644e-02,9.581566345386520467e-02,1.274218529934728616e-01,-3.755727389761708696e-02,-1.725971222987639775e-01,1.108399063379718885e-01,-4.945840771407671033e-02,1.124883164289850190e-01,1.180610949840647447e-02,-2.638733563134195714e-01,7.519588573681777743e-02,-1.306631748773239877e-02,1.590777839462060445e-02,1.690305356817298557e-02,-2.072227808898394474e-01,2.429499919331795654e-02,4.850558246235512488e-02,-1.400846041200313474e-01,-2.153415605684759482e-01,-3.693955736979277760e-02,1.107033332686858107e-01,-1.321016123965502720e-01,-6.477226549089762364e-03,1.158641768464638844e-01,-8.368815354376942656e-03,-1.693872027448342990e-02,5.730380017760044326e-02,-8.799720498143819014e-02,3.491665110786722204e-02,-5.413094018325943085e-02,-2.445245803292604020e-02,-3.353293338317373667e-02,6.105203313648971397e-02,-5.626796858624083519e-02,-1.416202776062417540e-02,-2.108116535995486693e-02,5.063598097250354702e-02,1.177328087329675144e-01,2.970106821769218433e-02,4.541585660597863283e-02,1.495156605060027864e-02,4.366818209435612691e-02,1.025075375661431143e-01,3.379793701908749559e-02,-1.506945732879992443e-02,7.285071232922689377e-02,8.202724492324076078e-02,-4.069226067262238927e-02,-1.164390249934390241e-02,3.672906160781647632e-03
1.409982221810479608e-02,1.911129487858852921e-02,-6.742988543534672585e-02,-6.184071916896246440e-02,-3.046447022196146007e-02,2.989787642474283844e-02,1.058930166910881654e-01,6.917498895054524644e-02,-3.461544135905067487e-02,-4.362016497555879987e-03,-7.388301709739094648e-03,1.026410475494993202e-01,-8.190595131052212652e-02,3.812081937455234770e-02,1.027181662875603918e-01,7.994337473837409558e-02,-4.467604444395156110e-02,1.172771096617809261e-01,-3.646613611555749729e-02,1.030414341949503210e-01,-7.495886313887704933e-02,-1.143845726014142139e-01,3.407971862565945670e-02,1.008400841465203757e-01,9.012241402687679037e-02,1.734931106655832750e-02,-8.668241448713027986e-02,-1.432298678133515635e-01,2.102188519188558091e-02,2.071241736514626772e-02,9.802111168081044379e-02,-1.229796303563513576e-01,-3.727392205775888895e-02,4.801247585102259852e-02,-3.269162114856626750e-02,-1.230083402808059348e-02,-2.526423658918511284e-02,9.519334005747585870e-02,-4.442412455524966108e-02,8.031440546099148647e-02,9.332360464631397901e-02,-4.467889652927273941e-03,6.988388620985948319e-02,9.439265239728672485e-02,3.569252510975318149e-02,-7.472072221800644953e-02,1.162295660570721589e-01,4.191100550252833262e-02,-4.237382245713353784e-02,-1.455395435912305337e-02
-2.046005926241975525e-02,-5.091664894730783819e-02,-5.832388744902554552e-03,-1.054318419810856278e-01,1.515241247198568370e-02,-9.127619941941948756e-02,-1.152469286486253880e-02,-3.770982061017615766e-02,-1.879804812252337462e-02,5.366261186724375493e-02,-1.182015181672438180e-02,2.746722041241370441e-02,1.017574580692132830e-01,3.930969271183063635e-02,-3.147490498213501454e-03,-2.977399631561470500e-02,1.092323814169105477e-03,1.750644066368048646e-01,-1.066029309456064389e-01,9.648941869113608627e-02,3.902413038119973560e-02,8.037976703119749378e-02,6.920630594616576647e-02,-9.200110004823209816e-04,5.849951074859619654e-02,-1.613389344629528876e-02,-7.740978689258194712e-03,7.336074583322585441e-02,-1.692688497593879682e-01,5.728860943385902932e-02,8.157210479580745410e-02,3.057013353239739981e-02,6.528104401694558023e-02,-4.021544359274446118e-02,4.374792317088976173e-02,8.515029952315029960e-02,4.170379446839450610e-02,-7.086013718072252388e-02,-3.528057316834606882e-02,6.272074963097155897e-02,-3.979158325706178001e-02,7.699797784803080747e-02,4.798908858357105872e-02,1.266534386579770688e-01,-3.390197835147640976e-02,1.215181784566349149e-01,6.377249966509480894e-02,4.514754698491890705e-02,6.116985369930429302e-03,-1.168344163975566369e-01
-5.450649087569703344e-02,-1.349832605709982425e-01,-3.657222408904826916e-02,-5.648991284780735533e-02,2.249033531552901283e-02,3.243571384011701558e-02,-9.740285239941078033e-02,-5.318124456763895225e-02,-7.352841912015985193e-02,1.827716920803364870e-02,-1.466167735434741604e-01,-6.422006166714554209e-02,-7.661520524160053691e-02,-1.055693243326922409e-02,-1.527884156981548780e-01,6.776775916962102242e-02,-2.605301223897766617e-03,6.947101363744287439e-02,-1.518832555318545829e-02,8.093669916628449743e-03,-1.156799909802090805e-02,2.475893804650172031e-02,-4.276455121282398374e-03,-3.539458079464558732e-02,-1.205937384647213367e-02,-4.961821425281029083e-03,8.426082217866898150e-02,2.940568072150414464e-02,7.077173964250520199e-02,7.131828169703446907e-02,1.315409242389672939e-02,2.531076105146711289e-02,7.789096948554026512e-02,-1.573765386288277640e-02,7.425751685261959556e-02,5.597030105311657372e-02,8.965293856291993435e-02,5.142113346654847428e-02,-1.429802216986634546e-02,1.037619587776155566e-01,-1.782819412286790542e-02,1.084508064968847246e-01,8.223345518087094019e-02,4.723988430216746054e-02,8.805760090235219273e-02,-2.324910431098321101e-02,9.570986344328458184e-03,-1.280689885769930869e-01,3.743377277105004730e-02,9.010729770232797642e-02
-1.013356138643595715e-02,-3.128826214693057085e-03,-7.864299902827186217e-03,-2.411582025091793882e-02,5.219948121150647102e-02,9.779079829999596379e-03,7.290789156281816258e-03,1.345633052869832647e-01,1.003684356715544013e-01,3.032661614929171856e-02,-1.264785460087435032e-01,8.234972141816951363e-02,3.414527564425789280e-02,2.304247402720235524e-02,-8.802437308710524266e-02,1.482464075758470855e-02,5.731775954781487964e-02,1.158870138846359588e-01,-7.793639741929940523e-02,1.394499882935680279e-01,3.558657740815325543e-02,-2.039697538914558503e-02,-7.077319457461318797e-02,1.183251203207320856e-01,-9.438611915380561157e-02,-7.648550042886264472e-03,-1.099900490422630189e-01,3.667289501493465470e-02,-3.015652375557784787e-02,6.723037910789794735e-02,4.684172468721155974e-02,-4.194301453324689177e-02,4.414555764139147659e-02,3.693374725182146240e-02,6.017701737710648424e-02,1.611999293597544680e-01,1.198633784249324846e-01,4.631854978398514816e-02,2.076218958718595992e-02,-3.055236878831499650e-02,-5.503446589199021549e-02,8.203088360031068893e-02,4.944173024756740031e-02,4.504069279926382896e-02,-1.584400903249829143e-02,1.080246767845407935e-01,6.840090618593810956e-02,2.578015662209150183e-02,-3.696016441541927211e-02,-1.576528889237727160e-02
